2,2,tanh,AN,362.102338,309.915470,1000,adam --11.386784315109253 seconds
2,2,tanh,SW,434.628497,329.762878,1000,adam --22.9930477142334 seconds
2,3,tanh,AN,357.827196,305.796085,1000,adam --34.473109006881714 seconds
2,3,tanh,SW,435.041335,330.006815,1000,adam --46.330193281173706 seconds
2,4,tanh,AN,374.315215,307.017304,1000,adam --58.20638108253479 seconds
2,4,tanh,SW,433.649298,330.326928,1000,adam --70.19415521621704 seconds
2,5,tanh,AN,378.946062,307.368684,1000,adam --82.04106068611145 seconds
2,5,tanh,SW,434.301082,330.575812,1000,adam --94.16691756248474 seconds
2,6,tanh,AN,371.448700,305.977917,1000,adam --106.51186203956604 seconds
2,6,tanh,SW,434.001485,330.185267,1000,adam --118.76475930213928 seconds
2,7,tanh,AN,375.975889,305.773838,1000,adam --131.09951758384705 seconds
2,7,tanh,SW,435.098039,330.567601,1000,adam --143.47947549819946 seconds
2,8,tanh,AN,374.684994,304.610139,1000,adam --156.10398530960083 seconds
2,8,tanh,SW,435.204049,330.320417,1000,adam --168.77191400527954 seconds
2,9,tanh,AN,372.563195,313.871576,1000,adam --181.45454621315002 seconds
2,9,tanh,SW,434.738916,331.531379,1000,adam --194.30671286582947 seconds
2,10,tanh,AN,372.681078,311.677190,1000,adam --207.23533391952515 seconds
2,10,tanh,SW,436.015505,331.946286,1000,adam --220.20087146759033 seconds
2,11,tanh,AN,374.718675,309.905724,1000,adam --233.22409439086914 seconds
2,11,tanh,SW,436.009410,331.976432,1000,adam --246.42325639724731 seconds
2,12,tanh,AN,373.959377,309.099190,1000,adam --259.63800048828125 seconds
2,12,tanh,SW,434.453434,332.056484,1000,adam --272.9704806804657 seconds
2,13,tanh,AN,374.451738,308.633580,1000,adam --286.5252387523651 seconds
2,13,tanh,SW,435.598934,332.450222,1000,adam --300.0480616092682 seconds
2,14,tanh,AN,373.661040,309.283878,1000,adam --313.6119682788849 seconds
2,14,tanh,SW,434.930773,333.645743,1000,adam --327.3815882205963 seconds
2,15,tanh,AN,373.203492,308.774195,1000,adam --341.19912791252136 seconds
2,15,tanh,SW,433.761095,333.511379,1000,adam --355.09647393226624 seconds
2,16,tanh,AN,370.200261,307.901144,1000,adam --369.04203701019287 seconds
2,16,tanh,SW,434.612032,333.887625,1000,adam --383.3745005130768 seconds
2,17,tanh,AN,370.592080,307.302918,1000,adam --397.52356457710266 seconds
2,17,tanh,SW,435.050376,333.829638,1000,adam --411.7646417617798 seconds
2,18,tanh,AN,370.819399,306.899957,1000,adam --426.1440773010254 seconds
2,18,tanh,SW,436.271900,334.292783,1000,adam --440.62051701545715 seconds
2,19,tanh,AN,370.426741,308.977031,1000,adam --455.2069911956787 seconds
2,19,tanh,SW,435.616470,335.404227,1000,adam --469.854777097702 seconds
2,20,tanh,AN,370.936840,306.801932,1000,adam --484.59465885162354 seconds
2,20,tanh,SW,435.556567,335.052776,1000,adam --499.7349557876587 seconds
2,21,tanh,AN,372.542850,305.935715,1000,adam --514.6212992668152 seconds
2,21,tanh,SW,437.196348,335.742230,1000,adam --529.6768853664398 seconds
2,22,tanh,AN,371.577117,308.249794,1000,adam --544.8133037090302 seconds
2,22,tanh,SW,437.729907,335.770413,1000,adam --560.1067252159119 seconds
2,23,tanh,AN,369.763506,307.142442,1000,adam --575.3860335350037 seconds
2,23,tanh,SW,435.343810,335.368006,1000,adam --590.8355402946472 seconds
2,24,tanh,AN,366.594628,307.566427,1000,adam --606.3508858680725 seconds
2,24,tanh,SW,436.204836,337.267319,1000,adam --622.0263617038727 seconds
2,25,tanh,AN,365.712841,308.280387,1000,adam --637.6669464111328 seconds
2,25,tanh,SW,434.776738,336.772077,1000,adam --653.5455539226532 seconds
2,26,tanh,AN,366.413125,307.392114,1000,adam --669.6703350543976 seconds
2,26,tanh,SW,436.423571,337.472306,1000,adam --685.8071763515472 seconds
2,27,tanh,AN,367.039135,307.589944,1000,adam --701.8875317573547 seconds
2,27,tanh,SW,436.313943,337.130938,1000,adam --718.1315639019012 seconds
2,28,tanh,AN,367.191180,306.954738,1000,adam --734.4229161739349 seconds
2,28,tanh,SW,436.784502,337.129674,1000,adam --750.8440229892731 seconds
2,29,tanh,AN,366.377388,309.550218,1000,adam --767.385968208313 seconds
2,29,tanh,SW,436.834792,337.831713,1000,adam --783.9801340103149 seconds
3,2,tanh,AN,326.492600,285.939502,1000,adam --798.6695756912231 seconds
3,2,tanh,SW,440.287526,333.119879,1000,adam --815.4943532943726 seconds
3,3,tanh,AN,331.801408,278.541795,1000,adam --832.3161976337433 seconds
3,3,tanh,SW,440.432053,334.124571,1000,adam --849.3529009819031 seconds
3,4,tanh,AN,332.809891,281.439977,1000,adam --866.6955280303955 seconds
3,4,tanh,SW,440.816135,334.311065,1000,adam --883.9689271450043 seconds
3,5,tanh,AN,359.798092,280.961687,1000,adam --901.255945444107 seconds
3,5,tanh,SW,442.210189,335.076066,1000,adam --918.7016971111298 seconds
3,6,tanh,AN,356.976035,277.471830,1000,adam --936.1753277778625 seconds
3,6,tanh,SW,442.341685,335.056831,1000,adam --953.8572039604187 seconds
3,7,tanh,AN,357.948958,277.863720,1000,adam --971.5764410495758 seconds
3,7,tanh,SW,442.617530,334.953277,1000,adam --989.4145948886871 seconds
3,8,tanh,AN,356.067133,287.412929,1000,adam --1007.3097982406616 seconds
3,8,tanh,SW,442.125498,335.478233,1000,adam --1025.4036679267883 seconds
3,9,tanh,AN,356.457544,283.758264,1000,adam --1043.5358271598816 seconds
3,9,tanh,SW,442.847894,335.501239,1000,adam --1061.8598146438599 seconds
3,10,tanh,AN,356.123872,283.054974,1000,adam --1080.2313089370728 seconds
3,10,tanh,SW,443.624324,336.190008,1000,adam --1098.7549624443054 seconds
3,11,tanh,AN,356.296563,282.478481,1000,adam --1117.3246178627014 seconds
3,11,tanh,SW,442.339162,336.291825,1000,adam --1135.9892511367798 seconds
3,12,tanh,AN,356.205930,281.628436,1000,adam --1155.0541524887085 seconds
3,12,tanh,SW,442.695825,335.946465,1000,adam --1173.9330921173096 seconds
3,13,tanh,AN,353.912227,283.921884,1000,adam --1192.8903532028198 seconds
3,13,tanh,SW,443.037232,337.927941,1000,adam --1211.9447422027588 seconds
3,14,tanh,AN,355.144347,282.900691,1000,adam --1231.017145395279 seconds
3,14,tanh,SW,442.442366,338.149418,1000,adam --1250.3966174125671 seconds
3,15,tanh,AN,355.460701,281.022031,1000,adam --1269.731226682663 seconds
3,15,tanh,SW,442.090369,337.475692,1000,adam --1289.2501032352448 seconds
3,16,tanh,AN,356.154663,281.269833,1000,adam --1308.7301506996155 seconds
3,16,tanh,SW,441.751274,337.171595,1000,adam --1328.3884902000427 seconds
3,17,tanh,AN,354.615328,283.064770,1000,adam --1348.1581904888153 seconds
3,17,tanh,SW,444.043226,338.155519,1000,adam --1368.089698791504 seconds
3,18,tanh,AN,355.084150,281.979261,1000,adam --1388.0119941234589 seconds
3,18,tanh,SW,443.326289,339.400824,1000,adam --1408.1265206336975 seconds
3,19,tanh,AN,355.623109,282.753812,1000,adam --1428.272531747818 seconds
3,19,tanh,SW,443.308844,338.837611,1000,adam --1448.5593438148499 seconds
3,20,tanh,AN,357.017097,283.374163,1000,adam --1468.9858691692352 seconds
3,20,tanh,SW,443.905329,338.752500,1000,adam --1489.4085495471954 seconds
3,21,tanh,AN,356.892403,282.842381,1000,adam --1510.4094738960266 seconds
3,21,tanh,SW,443.997617,338.415110,1000,adam --1531.1516256332397 seconds
3,22,tanh,AN,354.967349,284.324255,1000,adam --1551.9847333431244 seconds
3,22,tanh,SW,441.867924,338.455780,1000,adam --1572.9475865364075 seconds
3,23,tanh,AN,354.749806,286.114964,1000,adam --1594.0003514289856 seconds
3,23,tanh,SW,443.530670,340.826407,1000,adam --1615.1794266700745 seconds
3,24,tanh,AN,352.817333,282.142013,1000,adam --1636.3778667449951 seconds
3,24,tanh,SW,441.243436,340.024572,1000,adam --1657.7666172981262 seconds
3,25,tanh,AN,349.159308,285.657310,1000,adam --1679.1464185714722 seconds
3,25,tanh,SW,442.230373,339.770038,1000,adam --1700.6829540729523 seconds
3,26,tanh,AN,350.373211,282.637578,1000,adam --1722.3011152744293 seconds
3,26,tanh,SW,443.674342,340.121502,1000,adam --1744.1806635856628 seconds
3,27,tanh,AN,354.779724,281.730478,1000,adam --1765.930892944336 seconds
3,27,tanh,SW,443.101985,339.951953,1000,adam --1787.9018483161926 seconds
3,28,tanh,AN,353.337717,284.633916,1000,adam --1809.9280407428741 seconds
3,28,tanh,SW,444.008865,341.082047,1000,adam --1832.1741108894348 seconds
3,29,tanh,AN,355.708812,282.238455,1000,adam --1854.4009218215942 seconds
3,29,tanh,SW,444.749849,341.438295,1000,adam --1876.875939130783 seconds
4,2,tanh,AN,308.616807,271.855335,1000,adam --1897.0291421413422 seconds
4,2,tanh,SW,445.690454,332.859271,1000,adam --1919.6616382598877 seconds
4,3,tanh,AN,322.945661,260.148150,1000,adam --1942.2942788600922 seconds
4,3,tanh,SW,448.134741,334.739381,1000,adam --1965.1775152683258 seconds
4,4,tanh,AN,353.187768,266.287376,1000,adam --1988.1059827804565 seconds
4,4,tanh,SW,447.097426,333.590367,1000,adam --2011.6462585926056 seconds
4,5,tanh,AN,351.716957,260.104115,1000,adam --2034.7993340492249 seconds
4,5,tanh,SW,446.236516,333.121547,1000,adam --2058.1707949638367 seconds
4,6,tanh,AN,351.910210,259.196491,1000,adam --2081.488822221756 seconds
4,6,tanh,SW,446.605306,332.211830,1000,adam --2105.0091536045074 seconds
4,7,tanh,AN,351.441233,269.839807,1000,adam --2128.637255191803 seconds
4,7,tanh,SW,449.466015,336.978198,1000,adam --2152.317076444626 seconds
4,8,tanh,AN,350.799973,272.245654,1000,adam --2176.3346693515778 seconds
4,8,tanh,SW,447.889539,335.078023,1000,adam --2200.3492608070374 seconds
4,9,tanh,AN,348.894043,272.167679,1000,adam --2224.3794424533844 seconds
4,9,tanh,SW,450.001054,336.836448,1000,adam --2248.50660943985 seconds
4,10,tanh,AN,349.910996,269.640729,1000,adam --2272.6623578071594 seconds
4,10,tanh,SW,448.999060,337.153741,1000,adam --2297.0961310863495 seconds
4,11,tanh,AN,350.011690,269.984086,1000,adam --2321.5469510555267 seconds
4,11,tanh,SW,446.318825,335.004590,1000,adam --2346.094148874283 seconds
4,12,tanh,AN,349.283171,271.303703,1000,adam --2370.976304292679 seconds
4,12,tanh,SW,448.464373,337.641476,1000,adam --2395.7781949043274 seconds
4,13,tanh,AN,348.829554,270.147252,1000,adam --2420.6842408180237 seconds
4,13,tanh,SW,449.051527,337.504881,1000,adam --2445.7889564037323 seconds
4,14,tanh,AN,350.164530,269.135349,1000,adam --2471.0824840068817 seconds
4,14,tanh,SW,446.797636,336.355104,1000,adam --2496.369532108307 seconds
4,15,tanh,AN,350.624306,271.022231,1000,adam --2521.9102585315704 seconds
4,15,tanh,SW,448.326143,336.774032,1000,adam --2547.5302119255066 seconds
4,16,tanh,AN,350.230395,269.309692,1000,adam --2573.0814361572266 seconds
4,16,tanh,SW,452.271371,340.213565,1000,adam --2598.8005273342133 seconds
4,17,tanh,AN,350.677917,268.826336,1000,adam --2624.5429821014404 seconds
4,17,tanh,SW,447.170993,337.290492,1000,adam --2650.422610282898 seconds
4,18,tanh,AN,350.945154,270.166804,1000,adam --2676.330574989319 seconds
4,18,tanh,SW,451.382344,341.398802,1000,adam --2702.5372030735016 seconds
4,19,tanh,AN,351.108072,272.370816,1000,adam --2729.393709897995 seconds
4,19,tanh,SW,448.653152,337.280335,1000,adam --2755.7915980815887 seconds
4,20,tanh,AN,357.092611,271.963330,1000,adam --2782.247538089752 seconds
4,20,tanh,SW,451.688725,338.921991,1000,adam --2808.9611604213715 seconds
4,21,tanh,AN,354.720312,273.356425,1000,adam --2835.8109550476074 seconds
4,21,tanh,SW,448.829039,338.719309,1000,adam --2862.716959476471 seconds
4,22,tanh,AN,354.333769,273.991486,1000,adam --2889.678607940674 seconds
4,22,tanh,SW,450.026195,340.870653,1000,adam --2916.8574664592743 seconds
4,23,tanh,AN,352.396734,272.013615,1000,adam --2943.993965148926 seconds
4,23,tanh,SW,446.981414,339.936816,1000,adam --2971.249487400055 seconds
4,24,tanh,AN,352.641266,272.167625,1000,adam --2998.6770713329315 seconds
4,24,tanh,SW,450.021823,340.933276,1000,adam --3026.2250139713287 seconds
4,25,tanh,AN,353.983894,272.210003,1000,adam --3053.845540046692 seconds
4,25,tanh,SW,449.290940,340.846171,1000,adam --3081.4672679901123 seconds
4,26,tanh,AN,354.419040,272.840386,1000,adam --3109.3491184711456 seconds
4,26,tanh,SW,447.810613,339.500021,1000,adam --3137.388844013214 seconds
4,27,tanh,AN,356.258448,275.520807,1000,adam --3165.4913420677185 seconds
4,27,tanh,SW,450.515498,342.029895,1000,adam --3193.706847190857 seconds
4,28,tanh,AN,354.972067,271.868371,1000,adam --3221.9671835899353 seconds
4,28,tanh,SW,451.845941,342.128443,1000,adam --3250.3943343162537 seconds
4,29,tanh,AN,354.166581,274.371947,1000,adam --3278.9740817546844 seconds
4,29,tanh,SW,453.081411,343.793031,1000,adam --3307.631002664566 seconds
5,2,tanh,AN,335.196614,242.985238,1000,adam --3333.642850637436 seconds
5,2,tanh,SW,445.184306,324.270255,1000,adam --3362.588832139969 seconds
5,3,tanh,AN,353.413029,257.808806,1000,adam --3391.6262090206146 seconds
5,3,tanh,SW,445.185354,323.894978,1000,adam --3420.8293294906616 seconds
5,4,tanh,AN,349.847274,256.073521,1000,adam --3450.076086997986 seconds
5,4,tanh,SW,447.987460,325.594596,1000,adam --3479.40300822258 seconds
5,5,tanh,AN,351.264199,261.519872,1000,adam --3508.955821275711 seconds
5,5,tanh,SW,447.681081,326.531433,1000,adam --3538.6974687576294 seconds
5,6,tanh,AN,352.274827,275.717180,1000,adam --3568.394784450531 seconds
5,6,tanh,SW,448.942476,328.446696,1000,adam --3598.3599298000336 seconds
5,7,tanh,AN,355.768055,277.306012,1000,adam --3628.3128781318665 seconds
5,7,tanh,SW,445.857001,325.281521,1000,adam --3658.483973503113 seconds
5,8,tanh,AN,357.011817,274.887567,1000,adam --3689.4435338974 seconds
5,8,tanh,SW,447.095801,326.165925,1000,adam --3719.829147338867 seconds
5,9,tanh,AN,359.015886,270.411578,1000,adam --3750.174784421921 seconds
5,9,tanh,SW,444.406065,325.067264,1000,adam --3780.7321994304657 seconds
5,10,tanh,AN,358.835581,274.279050,1000,adam --3811.3901946544647 seconds
5,10,tanh,SW,445.959507,326.461990,1000,adam --3842.300124645233 seconds
5,11,tanh,AN,356.699682,270.756942,1000,adam --3873.2767584323883 seconds
5,11,tanh,SW,446.026491,327.484400,1000,adam --3904.734721660614 seconds
5,12,tanh,AN,356.241147,270.199539,1000,adam --3935.8742990493774 seconds
5,12,tanh,SW,445.938444,327.184541,1000,adam --3967.282018661499 seconds
5,13,tanh,AN,357.317872,273.224320,1000,adam --3998.5722122192383 seconds
5,13,tanh,SW,444.498164,326.262671,1000,adam --4030.0995569229126 seconds
5,14,tanh,AN,361.872615,270.725768,1000,adam --4061.705000400543 seconds
5,14,tanh,SW,444.208446,325.160688,1000,adam --4093.5314440727234 seconds
5,15,tanh,AN,362.256030,271.695654,1000,adam --4125.404313325882 seconds
5,15,tanh,SW,447.220068,326.200371,1000,adam --4157.584310293198 seconds
5,16,tanh,AN,361.943367,273.329703,1000,adam --4189.641575336456 seconds
5,16,tanh,SW,446.852689,328.391504,1000,adam --4221.856162309647 seconds
5,17,tanh,AN,362.690894,273.652988,1000,adam --4254.08473610878 seconds
5,17,tanh,SW,443.135225,324.547024,1000,adam --4286.524891376495 seconds
5,18,tanh,AN,362.163559,275.278787,1000,adam --4319.129088640213 seconds
5,18,tanh,SW,451.399519,331.487318,1000,adam --4351.8792552948 seconds
5,19,tanh,AN,363.546528,275.170065,1000,adam --4384.735641479492 seconds
5,19,tanh,SW,453.923578,335.513234,1000,adam --4417.798481464386 seconds
5,20,tanh,AN,363.457851,273.982544,1000,adam --4450.795245170593 seconds
5,20,tanh,SW,447.866647,329.896447,1000,adam --4484.190760374069 seconds
5,21,tanh,AN,368.110485,277.873123,1000,adam --4517.390335798264 seconds
5,21,tanh,SW,443.443050,327.710818,1000,adam --4550.883950710297 seconds
5,22,tanh,AN,362.299686,271.586164,1000,adam --4584.338347911835 seconds
5,22,tanh,SW,444.528982,327.917660,1000,adam --4615.208585739136 seconds
5,23,tanh,AN,363.099320,275.449308,1000,adam --4648.938652515411 seconds
5,23,tanh,SW,445.252521,328.204491,1000,adam --4680.0262706279755 seconds
5,24,tanh,AN,364.493084,274.558364,1000,adam --4714.19776725769 seconds
5,24,tanh,SW,446.026004,328.626132,1000,adam --4745.539236307144 seconds
5,25,tanh,AN,365.580824,273.829567,1000,adam --4779.838339805603 seconds
5,25,tanh,SW,446.914242,328.831867,1000,adam --4811.323304176331 seconds
5,26,tanh,AN,365.698060,275.333330,1000,adam --4845.825268983841 seconds
5,26,tanh,SW,447.225781,329.850940,1000,adam --4877.619584321976 seconds
5,27,tanh,AN,364.949200,273.600224,1000,adam --4912.281285762787 seconds
5,27,tanh,SW,448.315844,330.759358,1000,adam --4944.3274302482605 seconds
5,28,tanh,AN,364.083283,275.728129,1000,adam --4979.283002376556 seconds
5,28,tanh,SW,448.638281,329.843199,1000,adam --5011.588410377502 seconds
5,29,tanh,AN,368.141629,277.451712,1000,adam --5048.1083111763 seconds
5,29,tanh,SW,449.455965,330.577563,1000,adam --5080.47495174408 seconds
6,2,tanh,AN,345.173540,246.484845,1000,adam --5113.302969932556 seconds
6,2,tanh,SW,445.642825,317.699583,1000,adam --5145.9759349823 seconds
6,3,tanh,AN,351.268662,255.355284,1000,adam --5182.0203375816345 seconds
6,3,tanh,SW,445.068614,317.969596,1000,adam --5214.9087862968445 seconds
6,4,tanh,AN,356.391224,265.707135,1000,adam --5251.375380277634 seconds
6,4,tanh,SW,444.938492,316.295922,1000,adam --5284.7454335689545 seconds
6,5,tanh,AN,355.014608,275.378224,1000,adam --5321.192301750183 seconds
6,5,tanh,SW,446.109544,319.379299,1000,adam --5354.672419548035 seconds
6,6,tanh,AN,359.575758,269.766136,1000,adam --5391.505007743835 seconds
6,6,tanh,SW,445.952320,318.727509,1000,adam --5425.053617477417 seconds
6,7,tanh,AN,359.931329,268.878084,1000,adam --5462.1123213768005 seconds
6,7,tanh,SW,446.513198,319.327596,1000,adam --5495.915097951889 seconds
6,8,tanh,AN,366.331481,267.102865,1000,adam --5533.228266716003 seconds
6,8,tanh,SW,444.930089,319.395673,1000,adam --5567.251757621765 seconds
6,9,tanh,AN,366.703564,267.167585,1000,adam --5604.9082679748535 seconds
6,9,tanh,SW,445.471746,319.276026,1000,adam --5639.277410745621 seconds
6,10,tanh,AN,365.393814,268.305882,1000,adam --5677.480269908905 seconds
6,10,tanh,SW,445.368287,320.679184,1000,adam --5712.011114120483 seconds
6,11,tanh,AN,364.825936,269.957354,1000,adam --5750.197750091553 seconds
6,11,tanh,SW,443.023047,318.622468,1000,adam --5784.987219333649 seconds
6,12,tanh,AN,368.385506,266.885883,1000,adam --5823.3655834198 seconds
6,12,tanh,SW,444.531367,319.369648,1000,adam --5858.37118935585 seconds
6,13,tanh,AN,370.474496,268.998335,1000,adam --5897.084203243256 seconds
6,13,tanh,SW,445.558695,320.291865,1000,adam --5932.2799735069275 seconds
6,14,tanh,AN,369.151051,273.653712,1000,adam --5971.189153432846 seconds
6,14,tanh,SW,446.698074,320.903326,1000,adam --6007.008006095886 seconds
6,15,tanh,AN,370.895652,272.065108,1000,adam --6046.330535650253 seconds
6,15,tanh,SW,446.561808,323.063056,1000,adam --6082.491699934006 seconds
6,16,tanh,AN,370.601587,274.723051,1000,adam --6122.026444911957 seconds
6,16,tanh,SW,447.907274,323.927322,1000,adam --6158.123634338379 seconds
6,17,tanh,AN,370.288728,272.370285,1000,adam --6197.825740814209 seconds
6,17,tanh,SW,447.300836,322.647195,1000,adam --6234.018504619598 seconds
6,18,tanh,AN,370.774740,275.330784,1000,adam --6274.005589723587 seconds
6,18,tanh,SW,448.856713,324.072305,1000,adam --6310.424365758896 seconds
6,19,tanh,AN,369.717012,273.424440,1000,adam --6350.606152534485 seconds
6,19,tanh,SW,445.259046,322.296419,1000,adam --6387.330880641937 seconds
6,20,tanh,AN,367.775995,277.444030,1000,adam --6427.748145341873 seconds
6,20,tanh,SW,447.624423,325.792376,1000,adam --6464.717782497406 seconds
6,21,tanh,AN,369.627564,273.748919,1000,adam --6505.521933555603 seconds
6,21,tanh,SW,445.189425,323.440749,1000,adam --6543.036620616913 seconds
6,22,tanh,AN,367.127026,273.873277,1000,adam --6584.183883190155 seconds
6,22,tanh,SW,445.230002,323.120057,1000,adam --6621.847346782684 seconds
6,23,tanh,AN,367.175513,276.269334,1000,adam --6659.955036878586 seconds
6,23,tanh,SW,446.634407,324.109414,1000,adam --6697.609285593033 seconds
6,24,tanh,AN,368.111453,274.700280,1000,adam --6735.693400859833 seconds
6,24,tanh,SW,445.968525,322.650715,1000,adam --6773.756087303162 seconds
6,25,tanh,AN,368.337902,275.445096,1000,adam --6812.252041816711 seconds
6,25,tanh,SW,447.332512,325.976352,1000,adam --6850.604711771011 seconds
6,26,tanh,AN,369.415971,275.298004,1000,adam --6889.581423044205 seconds
6,26,tanh,SW,447.124325,325.660599,1000,adam --6929.488619089127 seconds
6,27,tanh,AN,370.338725,276.252766,1000,adam --6968.7106347084045 seconds
6,27,tanh,SW,448.914841,326.904245,1000,adam --7007.63195514679 seconds
6,28,tanh,AN,370.765990,277.401372,1000,adam --7047.012235403061 seconds
6,28,tanh,SW,450.181299,327.628783,1000,adam --7086.270073890686 seconds
6,29,tanh,AN,372.248040,277.335316,1000,adam --7126.047573328018 seconds
6,29,tanh,SW,448.378253,324.797050,1000,adam --7165.457482814789 seconds
7,2,tanh,AN,360.484634,254.829338,1000,adam --7205.167706012726 seconds
7,2,tanh,SW,440.683050,298.339175,1000,adam --7244.8840889930725 seconds
7,3,tanh,AN,362.316158,273.262485,1000,adam --7288.488863945007 seconds
7,3,tanh,SW,439.763480,296.367564,1000,adam --7328.505340099335 seconds
7,4,tanh,AN,360.190000,269.136544,1000,adam --7372.357047319412 seconds
7,4,tanh,SW,439.714995,298.350537,1000,adam --7412.574513435364 seconds
7,5,tanh,AN,357.184527,265.762967,1000,adam --7456.608772039413 seconds
7,5,tanh,SW,440.412848,298.495479,1000,adam --7497.29131937027 seconds
7,6,tanh,AN,363.950582,264.421323,1000,adam --7541.643732786179 seconds
7,6,tanh,SW,440.533444,297.442709,1000,adam --7582.417277336121 seconds
7,7,tanh,AN,364.722993,264.486091,1000,adam --7627.350656270981 seconds
7,7,tanh,SW,439.721673,298.417274,1000,adam --7668.462287664413 seconds
7,8,tanh,AN,370.967608,263.301745,1000,adam --7713.50438284874 seconds
7,8,tanh,SW,440.276281,298.634170,1000,adam --7754.867064237595 seconds
7,9,tanh,AN,367.913604,268.839751,1000,adam --7800.290406942368 seconds
7,9,tanh,SW,440.234117,299.878791,1000,adam --7842.204842805862 seconds
7,10,tanh,AN,378.526592,275.058645,1000,adam --7887.8580684661865 seconds
7,10,tanh,SW,438.995190,299.320579,1000,adam --7929.768939256668 seconds
7,11,tanh,AN,368.343312,271.656501,1000,adam --7975.504034042358 seconds
7,11,tanh,SW,439.505834,298.947984,1000,adam --8017.725387334824 seconds
7,12,tanh,AN,375.892916,273.901456,1000,adam --8064.00014090538 seconds
7,12,tanh,SW,441.759523,300.792954,1000,adam --8106.666064023972 seconds
7,13,tanh,AN,372.861615,273.538332,1000,adam --8149.516195297241 seconds
7,13,tanh,SW,440.741867,298.733067,1000,adam --8192.176488876343 seconds
7,14,tanh,AN,373.548741,275.047830,1000,adam --8235.23970913887 seconds
7,14,tanh,SW,440.442016,300.231348,1000,adam --8278.16030740738 seconds
7,15,tanh,AN,375.157057,275.570927,1000,adam --8321.491663694382 seconds
7,15,tanh,SW,442.400017,301.667648,1000,adam --8364.822020053864 seconds
7,16,tanh,AN,376.814521,276.672307,1000,adam --8408.451107025146 seconds
7,16,tanh,SW,442.050064,301.505435,1000,adam --8452.498946666718 seconds
7,17,tanh,AN,376.564557,278.143115,1000,adam --8496.460894823074 seconds
7,17,tanh,SW,443.479127,302.481123,1000,adam --8540.186637878418 seconds
7,18,tanh,AN,376.181424,276.619592,1000,adam --8584.351750612259 seconds
7,18,tanh,SW,441.860897,302.395906,1000,adam --8628.409129142761 seconds
7,19,tanh,AN,377.606031,278.751161,1000,adam --8672.948778867722 seconds
7,19,tanh,SW,441.521597,301.782767,1000,adam --8717.268791437149 seconds
7,20,tanh,AN,376.319044,277.792998,1000,adam --8761.939509630203 seconds
7,20,tanh,SW,439.760598,300.973121,1000,adam --8806.38314151764 seconds
7,21,tanh,AN,377.133697,277.800317,1000,adam --8851.29533791542 seconds
7,21,tanh,SW,441.318661,301.309957,1000,adam --8896.2109644413 seconds
7,22,tanh,AN,378.038743,277.265967,1000,adam --8941.660692453384 seconds
7,22,tanh,SW,441.437936,301.673398,1000,adam --8986.61341881752 seconds
7,23,tanh,AN,379.539387,277.786464,1000,adam --9032.108242988586 seconds
7,23,tanh,SW,442.541711,301.812935,1000,adam --9077.644307136536 seconds
7,24,tanh,AN,378.272928,276.545001,1000,adam --9123.41589999199 seconds
7,24,tanh,SW,439.842791,300.615101,1000,adam --9169.165491819382 seconds
7,25,tanh,AN,379.274531,276.980241,1000,adam --9215.29259300232 seconds
7,25,tanh,SW,441.902987,302.520256,1000,adam --9261.474024057388 seconds
7,26,tanh,AN,381.377675,277.192803,1000,adam --9307.754705667496 seconds
7,26,tanh,SW,442.379574,302.427383,1000,adam --9353.79552936554 seconds
7,27,tanh,AN,380.890377,276.748502,1000,adam --9400.307831525803 seconds
7,27,tanh,SW,444.678315,303.001182,1000,adam --9446.846507787704 seconds
7,28,tanh,AN,382.542694,279.252458,1000,adam --9493.720896959305 seconds
7,28,tanh,SW,443.963485,302.610171,1000,adam --9540.538007259369 seconds
7,29,tanh,AN,383.608433,276.201219,1000,adam --9587.703406572342 seconds
7,29,tanh,SW,443.982912,296.115537,1000,adam --9636.282999277115 seconds
8,2,tanh,AN,369.679522,264.379425,1000,adam --9683.920713186264 seconds
8,2,tanh,SW,431.122349,275.946699,1000,adam --9731.369254112244 seconds
8,3,tanh,AN,361.096479,261.294062,1000,adam --9779.112097978592 seconds
8,3,tanh,SW,429.736389,276.484483,1000,adam --9826.778351545334 seconds
8,4,tanh,AN,362.989005,261.077156,1000,adam --9878.761202573776 seconds
8,4,tanh,SW,431.534669,279.382346,1000,adam --9926.673435688019 seconds
8,5,tanh,AN,361.163554,261.496873,1000,adam --9978.942574501038 seconds
8,5,tanh,SW,432.358082,279.208190,1000,adam --10027.38784646988 seconds
8,6,tanh,AN,372.789972,278.634382,1000,adam --10080.141220331192 seconds
8,6,tanh,SW,430.341854,277.888256,1000,adam --10128.85844540596 seconds
8,7,tanh,AN,368.080404,271.757694,1000,adam --10181.929877519608 seconds
8,7,tanh,SW,430.518497,277.648028,1000,adam --10231.465656518936 seconds
8,8,tanh,AN,367.993504,271.157258,1000,adam --10280.56941485405 seconds
8,8,tanh,SW,431.436640,278.919207,1000,adam --10330.143716096878 seconds
8,9,tanh,AN,369.121452,271.997224,1000,adam --10379.904765844345 seconds
8,9,tanh,SW,429.119913,277.016449,1000,adam --10430.010776996613 seconds
8,10,tanh,AN,371.211955,274.670709,1000,adam --10479.870283603668 seconds
8,10,tanh,SW,431.312181,278.723622,1000,adam --10529.968220710754 seconds
8,11,tanh,AN,373.509619,275.203788,1000,adam --10580.19703745842 seconds
8,11,tanh,SW,432.213743,279.564562,1000,adam --10630.805341959 seconds
8,12,tanh,AN,375.970809,276.470771,1000,adam --10681.08475780487 seconds
8,12,tanh,SW,431.754362,278.316128,1000,adam --10731.709957361221 seconds
8,13,tanh,AN,377.052736,277.083899,1000,adam --10782.359716415405 seconds
8,13,tanh,SW,432.569350,279.983322,1000,adam --10833.193110227585 seconds
8,14,tanh,AN,379.196901,278.096300,1000,adam --10884.099784374237 seconds
8,14,tanh,SW,433.875473,280.356489,1000,adam --10935.721303462982 seconds
8,15,tanh,AN,381.515572,281.149599,1000,adam --10987.071901082993 seconds
8,15,tanh,SW,433.886376,279.700132,1000,adam --11038.654634714127 seconds
8,16,tanh,AN,381.294949,279.806522,1000,adam --11089.95489358902 seconds
8,16,tanh,SW,434.724339,279.850761,1000,adam --11141.690563678741 seconds
8,17,tanh,AN,381.888021,280.545193,1000,adam --11193.695733308792 seconds
8,17,tanh,SW,431.798973,277.683567,1000,adam --11245.916538715363 seconds
8,18,tanh,AN,382.748982,280.348812,1000,adam --11297.973508119583 seconds
8,18,tanh,SW,434.845420,280.868522,1000,adam --11350.283435344696 seconds
8,19,tanh,AN,381.793651,279.859570,1000,adam --11402.454241037369 seconds
8,19,tanh,SW,431.065723,278.211468,1000,adam --11455.450555324554 seconds
8,20,tanh,AN,382.685664,280.754137,1000,adam --11508.200449466705 seconds
8,20,tanh,SW,432.545482,279.210662,1000,adam --11561.159177541733 seconds
8,21,tanh,AN,383.382214,280.050916,1000,adam --11614.171931028366 seconds
8,21,tanh,SW,434.163768,280.359258,1000,adam --11667.881204366684 seconds
8,22,tanh,AN,385.134430,280.003284,1000,adam --11721.15422463417 seconds
8,22,tanh,SW,435.926964,281.593915,1000,adam --11774.856073856354 seconds
8,23,tanh,AN,386.679755,282.009269,1000,adam --11828.28992843628 seconds
8,23,tanh,SW,432.889143,279.568358,1000,adam --11882.351506710052 seconds
8,24,tanh,AN,387.130108,281.103448,1000,adam --11936.311827898026 seconds
8,24,tanh,SW,434.375694,281.513212,1000,adam --11990.816190719604 seconds
8,25,tanh,AN,389.432712,280.425302,1000,adam --12044.921478748322 seconds
8,25,tanh,SW,435.385945,282.066952,1000,adam --12099.600193738937 seconds
8,26,tanh,AN,389.889824,280.443499,1000,adam --12154.225763320923 seconds
8,26,tanh,SW,435.839088,280.983557,1000,adam --12209.27290058136 seconds
8,27,tanh,AN,391.084233,280.893885,1000,adam --12263.983350992203 seconds
8,27,tanh,SW,435.479077,279.241552,1000,adam --12319.257679700851 seconds
8,28,tanh,AN,392.410017,278.989641,1000,adam --12374.2418115139 seconds
8,28,tanh,SW,436.127609,276.405540,1000,adam --12430.116679430008 seconds
8,29,tanh,AN,393.318804,279.355900,1000,adam --12485.697623968124 seconds
8,29,tanh,SW,436.019713,277.825356,1000,adam --12541.602250099182 seconds
9,2,tanh,AN,370.368368,263.495087,1000,adam --12597.108039855957 seconds
9,2,tanh,SW,421.293295,272.434992,1000,adam --12653.41421842575 seconds
9,3,tanh,AN,365.359693,262.271811,1000,adam --12709.621245145798 seconds
9,3,tanh,SW,421.718298,271.841311,1000,adam --12766.148885726929 seconds
9,4,tanh,AN,373.131965,269.020544,1000,adam --12827.19373703003 seconds
9,4,tanh,SW,422.225696,274.132180,1000,adam --12883.93906211853 seconds
9,5,tanh,AN,366.956292,267.881004,1000,adam --12940.908376455307 seconds
9,5,tanh,SW,424.880405,275.730870,1000,adam --12998.098647594452 seconds
9,6,tanh,AN,369.236011,269.122498,1000,adam --13055.260332107544 seconds
9,6,tanh,SW,423.783173,273.705366,1000,adam --13112.744954586029 seconds
9,7,tanh,AN,370.905915,273.398779,1000,adam --13170.106539726257 seconds
9,7,tanh,SW,423.380184,272.440678,1000,adam --13228.106048822403 seconds
9,8,tanh,AN,374.399931,274.731356,1000,adam --13285.844999551773 seconds
9,8,tanh,SW,421.855058,274.333499,1000,adam --13343.909571886063 seconds
9,9,tanh,AN,377.231521,277.789533,1000,adam --13402.067650556564 seconds
9,9,tanh,SW,425.479410,274.121182,1000,adam --13460.472110271454 seconds
9,10,tanh,AN,378.746463,275.544298,1000,adam --13518.825771331787 seconds
9,10,tanh,SW,422.709778,271.906805,1000,adam --13577.474145889282 seconds
9,11,tanh,AN,382.499928,278.295678,1000,adam --13636.461503267288 seconds
9,11,tanh,SW,425.133544,272.397564,1000,adam --13695.45274567604 seconds
9,12,tanh,AN,384.038421,277.815172,1000,adam --13756.299870729446 seconds
9,12,tanh,SW,428.489380,278.168778,1000,adam --13815.745414733887 seconds
9,13,tanh,AN,386.376500,278.748616,1000,adam --13875.117281198502 seconds
9,13,tanh,SW,424.209847,272.611339,1000,adam --13934.902032613754 seconds
9,14,tanh,AN,385.880659,277.890360,1000,adam --13994.728180646896 seconds
9,14,tanh,SW,425.121254,272.368625,1000,adam --14054.823424816132 seconds
9,15,tanh,AN,386.194996,277.392129,1000,adam --14115.202481985092 seconds
9,15,tanh,SW,426.169487,275.242188,1000,adam --14176.01685142517 seconds
9,16,tanh,AN,387.554412,276.306438,1000,adam --14236.19153547287 seconds
9,16,tanh,SW,430.312191,279.677530,1000,adam --14297.075258255005 seconds
9,17,tanh,AN,386.685141,278.197188,1000,adam --14357.91900730133 seconds
9,17,tanh,SW,424.989516,273.236396,1000,adam --14419.272389888763 seconds
9,18,tanh,AN,387.004792,276.700349,1000,adam --14480.224920988083 seconds
9,18,tanh,SW,425.808124,274.032546,1000,adam --14541.779846191406 seconds
9,19,tanh,AN,386.540780,277.441969,1000,adam --14602.937586784363 seconds
9,19,tanh,SW,424.175134,272.489027,1000,adam --14664.746688365936 seconds
9,20,tanh,AN,388.964298,277.547883,1000,adam --14726.467799425125 seconds
9,20,tanh,SW,425.504211,271.384904,1000,adam --14788.61120891571 seconds
9,21,tanh,AN,390.378589,277.132090,1000,adam --14850.663807153702 seconds
9,21,tanh,SW,426.045146,274.476906,1000,adam --14913.360295057297 seconds
9,22,tanh,AN,389.136318,278.216164,1000,adam --14975.723155498505 seconds
9,22,tanh,SW,427.120667,276.278564,1000,adam --15038.864327192307 seconds
9,23,tanh,AN,393.005913,276.884910,1000,adam --15101.561349868774 seconds
9,23,tanh,SW,432.489394,281.105811,1000,adam --15164.989051818848 seconds
9,24,tanh,AN,394.364887,276.900308,1000,adam --15228.114705085754 seconds
9,24,tanh,SW,426.886737,274.002686,1000,adam --15291.304393529892 seconds
9,25,tanh,AN,394.184922,276.671783,1000,adam --15354.795879125595 seconds
9,25,tanh,SW,428.094613,273.132527,1000,adam --15418.345436811447 seconds
9,26,tanh,AN,394.819266,276.105221,1000,adam --15481.890105724335 seconds
9,26,tanh,SW,428.700925,272.119876,1000,adam --15546.043153047562 seconds
9,27,tanh,AN,395.872750,274.331595,1000,adam --15609.954551935196 seconds
9,27,tanh,SW,433.607794,277.438862,1000,adam --15674.460270643234 seconds
9,28,tanh,AN,396.075024,272.036395,1000,adam --15738.811748504639 seconds
9,28,tanh,SW,433.226143,276.251868,1000,adam --15803.617227554321 seconds
9,29,tanh,AN,397.282319,273.747866,1000,adam --15868.044605255127 seconds
9,29,tanh,SW,426.820901,269.571867,1000,adam --15933.066499948502 seconds
10,2,tanh,AN,378.431362,264.534226,1000,adam --15998.045318126678 seconds
10,2,tanh,SW,393.381432,272.670399,1000,adam --16063.356806755066 seconds
10,3,tanh,AN,376.488872,264.984946,1000,adam --16128.983465194702 seconds
10,3,tanh,SW,392.270984,273.659307,1000,adam --16195.092805624008 seconds
10,4,tanh,AN,382.710796,267.981993,1000,adam --16260.599436044693 seconds
10,4,tanh,SW,397.295708,274.028327,1000,adam --16326.87497973442 seconds
10,5,tanh,AN,384.830536,271.593106,1000,adam --16392.933738708496 seconds
10,5,tanh,SW,390.235793,270.087651,1000,adam --16459.421404838562 seconds
10,6,tanh,AN,378.923280,273.701643,1000,adam --16525.886628627777 seconds
10,6,tanh,SW,391.890229,274.011361,1000,adam --16592.830102205276 seconds
10,7,tanh,AN,380.581659,273.906756,1000,adam --16659.76986670494 seconds
10,7,tanh,SW,394.346430,273.227363,1000,adam --16727.064531564713 seconds
10,8,tanh,AN,381.866213,273.974550,1000,adam --16793.963215351105 seconds
10,8,tanh,SW,393.431103,271.728875,1000,adam --16861.432904958725 seconds
10,9,tanh,AN,383.644153,274.006046,1000,adam --16929.424662828445 seconds
10,9,tanh,SW,398.906781,282.409684,1000,adam --16997.50822877884 seconds
10,10,tanh,AN,386.441044,275.767230,1000,adam --17065.371500492096 seconds
10,10,tanh,SW,395.182895,276.120703,1000,adam --17133.876467704773 seconds
10,11,tanh,AN,386.103100,276.310208,1000,adam --17202.038041353226 seconds
10,11,tanh,SW,400.349973,281.978595,1000,adam --17270.43750309944 seconds
10,12,tanh,AN,385.685532,279.573741,1000,adam --17339.076731204987 seconds
10,12,tanh,SW,395.051396,276.327206,1000,adam --17403.063234567642 seconds
10,13,tanh,AN,388.796814,276.265597,1000,adam --17472.044489860535 seconds
10,13,tanh,SW,395.601786,275.391263,1000,adam --17536.13708591461 seconds
10,14,tanh,AN,388.022313,275.588248,1000,adam --17605.416433095932 seconds
10,14,tanh,SW,397.089003,278.679208,1000,adam --17669.946477413177 seconds
10,15,tanh,AN,387.130521,273.745986,1000,adam --17739.622381687164 seconds
10,15,tanh,SW,396.447182,277.055518,1000,adam --17804.33963394165 seconds
10,16,tanh,AN,386.019048,277.084456,1000,adam --17874.23674607277 seconds
10,16,tanh,SW,396.018726,275.735253,1000,adam --17939.325371980667 seconds
10,17,tanh,AN,385.875572,273.417699,1000,adam --18009.6661901474 seconds
10,17,tanh,SW,393.028762,275.817851,1000,adam --18075.198667764664 seconds
10,18,tanh,AN,385.685594,274.751383,1000,adam --18145.888872146606 seconds
10,18,tanh,SW,395.375579,276.854950,1000,adam --18211.73724961281 seconds
10,19,tanh,AN,389.243958,272.968374,1000,adam --18282.9383790493 seconds
10,19,tanh,SW,395.754314,276.447108,1000,adam --18348.981865882874 seconds
10,20,tanh,AN,388.359660,272.524665,1000,adam --18420.336476802826 seconds
10,20,tanh,SW,396.583820,276.052426,1000,adam --18486.52773976326 seconds
10,21,tanh,AN,388.911003,274.249479,1000,adam --18558.46838784218 seconds
10,21,tanh,SW,395.367084,277.160955,1000,adam --18625.688218832016 seconds
10,22,tanh,AN,391.927686,275.060886,1000,adam --18697.780701637268 seconds
10,22,tanh,SW,396.179554,277.294927,1000,adam --18764.976573467255 seconds
10,23,tanh,AN,391.829775,272.186166,1000,adam --18837.47833943367 seconds
10,23,tanh,SW,397.970703,277.432827,1000,adam --18905.144647836685 seconds
10,24,tanh,AN,395.684430,274.498531,1000,adam --18977.90847992897 seconds
10,24,tanh,SW,398.849569,277.837445,1000,adam --19046.307797193527 seconds
10,25,tanh,AN,391.938292,273.764978,1000,adam --19119.887526512146 seconds
10,25,tanh,SW,400.468026,278.412015,1000,adam --19188.08270597458 seconds
10,26,tanh,AN,396.752095,271.436915,1000,adam --19262.269978046417 seconds
10,26,tanh,SW,399.854504,274.693601,1000,adam --19331.21562051773 seconds
10,27,tanh,AN,395.790167,272.299205,1000,adam --19405.357084274292 seconds
10,27,tanh,SW,400.495259,275.882781,1000,adam --19474.30438685417 seconds
10,28,tanh,AN,396.344934,270.274014,1000,adam --19548.649941921234 seconds
10,28,tanh,SW,399.570127,276.740088,1000,adam --19618.231202602386 seconds
10,29,tanh,AN,396.487209,270.122904,1000,adam --19693.11016511917 seconds
10,29,tanh,SW,399.678887,274.220414,1000,adam --19762.739116191864 seconds
11,2,tanh,AN,373.956852,274.248141,1000,adam --19837.648189544678 seconds
11,2,tanh,SW,365.093059,277.769912,1000,adam --19909.777391672134 seconds
11,3,tanh,AN,382.073847,262.150356,1000,adam --19985.28100347519 seconds
11,3,tanh,SW,363.572813,277.605673,1000,adam --20055.97325205803 seconds
11,4,tanh,AN,395.165660,265.516432,1000,adam --20131.637362957 seconds
11,4,tanh,SW,364.510315,275.372118,1000,adam --20202.753744602203 seconds
11,5,tanh,AN,393.831210,264.249939,1000,adam --20278.904444932938 seconds
11,5,tanh,SW,364.553918,277.389558,1000,adam --20349.906318426132 seconds
11,6,tanh,AN,384.915668,265.641544,1000,adam --20426.553786754608 seconds
11,6,tanh,SW,364.606597,276.827023,1000,adam --20498.19376850128 seconds
11,7,tanh,AN,381.441041,265.776470,1000,adam --20575.035486459732 seconds
11,7,tanh,SW,365.833119,276.295176,1000,adam --20647.10388159752 seconds
11,8,tanh,AN,376.199534,263.462057,1000,adam --20724.55874800682 seconds
11,8,tanh,SW,367.611587,279.501149,1000,adam --20796.728591918945 seconds
11,9,tanh,AN,376.382264,267.133989,1000,adam --20874.538105249405 seconds
11,9,tanh,SW,367.404766,277.425992,1000,adam --20945.993827819824 seconds
11,10,tanh,AN,375.371477,260.744381,1000,adam --21023.571702957153 seconds
11,10,tanh,SW,367.256547,278.802144,1000,adam --21096.11728477478 seconds
11,11,tanh,AN,371.395988,266.775217,1000,adam --21174.422014713287 seconds
11,11,tanh,SW,367.753249,278.513881,1000,adam --21247.32590508461 seconds
11,12,tanh,AN,377.579722,268.584960,1000,adam --21327.14102578163 seconds
11,12,tanh,SW,367.981679,278.676542,1000,adam --21405.233077287674 seconds
11,13,tanh,AN,377.003013,271.558139,1000,adam --21490.685308933258 seconds
11,13,tanh,SW,370.313746,279.249673,1000,adam --21566.43799161911 seconds
11,14,tanh,AN,376.056955,265.223681,1000,adam --21649.831505537033 seconds
11,14,tanh,SW,369.925895,278.018913,1000,adam --21724.0640771389 seconds
11,15,tanh,AN,371.095294,266.945379,1000,adam --21804.185263872147 seconds
11,15,tanh,SW,369.537258,278.545734,1000,adam --21878.415762901306 seconds
11,16,tanh,AN,366.226078,264.959602,1000,adam --21958.846215963364 seconds
11,16,tanh,SW,365.649518,278.401927,1000,adam --22033.32572031021 seconds
11,17,tanh,AN,367.412021,267.858545,1000,adam --22113.64151954651 seconds
11,17,tanh,SW,367.411930,279.451870,1000,adam --22188.71270442009 seconds
11,18,tanh,AN,367.682048,262.726610,1000,adam --22269.306708574295 seconds
11,18,tanh,SW,367.716041,280.231547,1000,adam --22344.70573234558 seconds
11,19,tanh,AN,372.421284,265.558021,1000,adam --22426.059566497803 seconds
11,19,tanh,SW,369.343217,279.745910,1000,adam --22501.814591884613 seconds
11,20,tanh,AN,367.853486,266.358891,1000,adam --22583.667467355728 seconds
11,20,tanh,SW,368.206493,279.744997,1000,adam --22659.670927524567 seconds
11,21,tanh,AN,364.321425,266.703462,1000,adam --22735.499541521072 seconds
11,21,tanh,SW,369.107203,279.524022,1000,adam --22811.976534605026 seconds
11,22,tanh,AN,364.258815,267.386645,1000,adam --22888.78542995453 seconds
11,22,tanh,SW,370.378090,280.497451,1000,adam --22965.735583782196 seconds
11,23,tanh,AN,365.623577,268.151794,1000,adam --23042.86418056488 seconds
11,23,tanh,SW,371.219474,279.032422,1000,adam --23120.40952849388 seconds
11,24,tanh,AN,365.768754,267.424130,1000,adam --23197.919921398163 seconds
11,24,tanh,SW,372.032105,278.892984,1000,adam --23275.397233247757 seconds
11,25,tanh,AN,362.821480,267.064981,1000,adam --23353.29888367653 seconds
11,25,tanh,SW,370.056287,280.652944,1000,adam --23431.65485548973 seconds
11,26,tanh,AN,362.876482,268.756390,1000,adam --23510.066507577896 seconds
11,26,tanh,SW,370.637672,281.632767,1000,adam --23589.029932498932 seconds
11,27,tanh,AN,362.776916,268.708844,1000,adam --23668.12815642357 seconds
11,27,tanh,SW,368.539241,281.482979,1000,adam --23747.62697982788 seconds
11,28,tanh,AN,361.462418,267.336139,1000,adam --23826.905536413193 seconds
11,28,tanh,SW,368.725784,281.262610,1000,adam --23906.912624120712 seconds
11,29,tanh,AN,361.525048,268.637544,1000,adam --23986.32206439972 seconds
11,29,tanh,SW,369.083443,281.289874,1000,adam --24066.41641163826 seconds
12,2,tanh,AN,375.601316,284.572949,1000,adam --24146.25015592575 seconds
12,2,tanh,SW,350.848136,286.187907,1000,adam --24226.352307081223 seconds
12,3,tanh,AN,381.162280,265.726915,1000,adam --24312.940160512924 seconds
12,3,tanh,SW,350.783380,285.262169,1000,adam --24394.008546113968 seconds
12,4,tanh,AN,374.704608,271.532700,1000,adam --24481.3388338089 seconds
12,4,tanh,SW,352.272106,287.285748,1000,adam --24562.63490009308 seconds
12,5,tanh,AN,378.622449,265.707777,1000,adam --24650.12042760849 seconds
12,5,tanh,SW,353.156413,287.316290,1000,adam --24731.299109458923 seconds
12,6,tanh,AN,350.800678,266.615707,1000,adam --24812.61743927002 seconds
12,6,tanh,SW,352.467975,287.060983,1000,adam --24894.640991687775 seconds
12,7,tanh,AN,346.025499,268.813218,1000,adam --24976.70738387108 seconds
12,7,tanh,SW,353.954514,286.138310,1000,adam --25059.383137702942 seconds
12,8,tanh,AN,346.396532,268.245945,1000,adam --25141.43077158928 seconds
12,8,tanh,SW,353.994622,288.156230,1000,adam --25224.305030822754 seconds
12,9,tanh,AN,343.448896,270.013231,1000,adam --25306.958238840103 seconds
12,9,tanh,SW,353.401187,287.455970,1000,adam --25389.928651809692 seconds
12,10,tanh,AN,344.956545,271.343738,1000,adam --25472.90589928627 seconds
12,10,tanh,SW,354.156196,288.024100,1000,adam --25556.5205950737 seconds
12,11,tanh,AN,344.542172,273.827411,1000,adam --25640.214280605316 seconds
12,11,tanh,SW,354.587064,288.042321,1000,adam --25723.79089999199 seconds
12,12,tanh,AN,346.705787,271.465303,1000,adam --25807.842227697372 seconds
12,12,tanh,SW,354.513971,286.720429,1000,adam --25892.410560131073 seconds
12,13,tanh,AN,345.888272,272.223528,1000,adam --25977.07843542099 seconds
12,13,tanh,SW,357.987664,288.820123,1000,adam --26061.310014486313 seconds
12,14,tanh,AN,340.734854,277.382348,1000,adam --26146.16905593872 seconds
12,14,tanh,SW,354.616448,289.797787,1000,adam --26231.00017118454 seconds
12,15,tanh,AN,336.996750,282.203774,1000,adam --26315.836779117584 seconds
12,15,tanh,SW,352.115291,289.730985,1000,adam --26401.404947280884 seconds
12,16,tanh,AN,345.541510,287.150442,1000,adam --26487.30159330368 seconds
12,16,tanh,SW,353.350765,292.523768,1000,adam --26573.183273792267 seconds
12,17,tanh,AN,346.677825,286.070158,1000,adam --26658.940830230713 seconds
12,17,tanh,SW,351.789833,290.634796,1000,adam --26745.224653720856 seconds
12,18,tanh,AN,351.584566,284.936896,1000,adam --26831.22196817398 seconds
12,18,tanh,SW,353.878357,293.790052,1000,adam --26917.998794317245 seconds
12,19,tanh,AN,349.483937,286.063869,1000,adam --27004.215276241302 seconds
12,19,tanh,SW,355.885918,294.640766,1000,adam --27091.17715358734 seconds
12,20,tanh,AN,348.911350,286.366922,1000,adam --27178.211562156677 seconds
12,20,tanh,SW,354.310228,293.274794,1000,adam --27265.80225110054 seconds
12,21,tanh,AN,350.040917,285.661257,1000,adam --27353.22105693817 seconds
12,21,tanh,SW,356.825663,294.055356,1000,adam --27441.59422659874 seconds
12,22,tanh,AN,350.603518,288.770466,1000,adam --27529.503986358643 seconds
12,22,tanh,SW,356.405278,292.366184,1000,adam --27618.264755249023 seconds
12,23,tanh,AN,352.300235,283.987239,1000,adam --27707.15813589096 seconds
12,23,tanh,SW,356.523844,291.245080,1000,adam --27795.83149433136 seconds
12,24,tanh,AN,351.563686,284.303472,1000,adam --27884.691539287567 seconds
12,24,tanh,SW,355.994338,290.612923,1000,adam --27973.959070444107 seconds
12,25,tanh,AN,351.764665,286.940231,1000,adam --28063.288768291473 seconds
12,25,tanh,SW,355.672408,292.165680,1000,adam --28152.480292081833 seconds
12,26,tanh,AN,351.058067,287.462717,1000,adam --28242.22389984131 seconds
12,26,tanh,SW,356.039392,289.359923,1000,adam --28332.388110876083 seconds
12,27,tanh,AN,350.367200,285.699897,1000,adam --28421.961599349976 seconds
12,27,tanh,SW,353.970441,292.173657,1000,adam --28512.985211372375 seconds
12,28,tanh,AN,350.767909,285.679869,1000,adam --28603.613753795624 seconds
12,28,tanh,SW,355.484375,287.418893,1000,adam --28697.96727347374 seconds
12,29,tanh,AN,350.701140,283.111601,1000,adam --28788.75690317154 seconds
12,29,tanh,SW,358.425605,290.836163,1000,adam --28880.302866458893 seconds
13,2,tanh,AN,364.529133,272.799295,1000,adam --28971.454055786133 seconds
13,2,tanh,SW,347.431757,278.094440,1000,adam --29063.40401864052 seconds
13,3,tanh,AN,344.261170,272.659701,1000,adam --29155.127081871033 seconds
13,3,tanh,SW,347.203548,279.573079,1000,adam --29246.77574276924 seconds
13,4,tanh,AN,345.554126,283.207951,1000,adam --29341.618834495544 seconds
13,4,tanh,SW,346.541117,280.880146,1000,adam --29434.79826450348 seconds
13,5,tanh,AN,347.177378,271.410304,1000,adam --29527.883576631546 seconds
13,5,tanh,SW,349.024497,278.615195,1000,adam --29620.816192388535 seconds
13,6,tanh,AN,343.730895,272.154536,1000,adam --29713.968894720078 seconds
13,6,tanh,SW,347.864409,278.655421,1000,adam --29807.66531085968 seconds
13,7,tanh,AN,339.803532,272.526384,1000,adam --29901.092921495438 seconds
13,7,tanh,SW,348.510748,279.194620,1000,adam --29995.142720222473 seconds
13,8,tanh,AN,335.004343,275.284232,1000,adam --30089.5913977623 seconds
13,8,tanh,SW,351.459932,278.838227,1000,adam --30184.009025096893 seconds
13,9,tanh,AN,324.077775,275.405358,1000,adam --30278.45412993431 seconds
13,9,tanh,SW,350.532585,281.845430,1000,adam --30372.987255334854 seconds
13,10,tanh,AN,323.768757,273.949576,1000,adam --30467.49618911743 seconds
13,10,tanh,SW,351.570833,282.011529,1000,adam --30562.553423166275 seconds
13,11,tanh,AN,325.161200,277.887381,1000,adam --30657.71427989006 seconds
13,11,tanh,SW,353.491026,282.653199,1000,adam --30754.000720977783 seconds
13,12,tanh,AN,324.575668,276.124781,1000,adam --30848.910947561264 seconds
13,12,tanh,SW,351.924996,280.692117,1000,adam --30944.96013212204 seconds
13,13,tanh,AN,324.983189,284.661497,1000,adam --31041.347241163254 seconds
13,13,tanh,SW,350.442271,281.007685,1000,adam --31138.435906648636 seconds
13,14,tanh,AN,321.088846,286.421338,1000,adam --31234.67443871498 seconds
13,14,tanh,SW,347.145202,283.839709,1000,adam --31331.777245759964 seconds
13,15,tanh,AN,321.720439,287.488951,1000,adam --31428.521260261536 seconds
13,15,tanh,SW,348.378264,284.271307,1000,adam --31525.93155813217 seconds
13,16,tanh,AN,322.552859,287.491471,1000,adam --31623.537661075592 seconds
13,16,tanh,SW,348.235419,283.165017,1000,adam --31721.354757785797 seconds
13,17,tanh,AN,320.909093,292.021264,1000,adam --31819.409531593323 seconds
13,17,tanh,SW,350.732654,284.792366,1000,adam --31917.26091003418 seconds
13,18,tanh,AN,322.811716,290.581633,1000,adam --32015.59032893181 seconds
13,18,tanh,SW,349.649868,286.680160,1000,adam --32114.43552517891 seconds
13,19,tanh,AN,336.708133,282.533450,1000,adam --32213.35355949402 seconds
13,19,tanh,SW,351.329925,286.549797,1000,adam --32312.999813079834 seconds
13,20,tanh,AN,337.354558,289.570841,1000,adam --32411.726453065872 seconds
13,20,tanh,SW,351.453159,287.505907,1000,adam --32511.2349960804 seconds
13,21,tanh,AN,340.856906,286.284507,1000,adam --32611.390777111053 seconds
13,21,tanh,SW,351.273031,285.851740,1000,adam --32711.33127808571 seconds
13,22,tanh,AN,343.525738,287.238602,1000,adam --32811.45537209511 seconds
13,22,tanh,SW,353.955271,284.261579,1000,adam --32911.485072135925 seconds
13,23,tanh,AN,343.839188,282.132849,1000,adam --33011.791011333466 seconds
13,23,tanh,SW,351.190682,282.412585,1000,adam --33112.760596990585 seconds
13,24,tanh,AN,344.481686,282.731893,1000,adam --33213.75007939339 seconds
13,24,tanh,SW,352.250128,284.715547,1000,adam --33315.479016542435 seconds
13,25,tanh,AN,343.124866,282.329940,1000,adam --33416.881355047226 seconds
13,25,tanh,SW,353.226287,280.237976,1000,adam --33518.65157985687 seconds
13,26,tanh,AN,343.422406,279.786024,1000,adam --33620.345338344574 seconds
13,26,tanh,SW,350.455761,280.682169,1000,adam --33722.736382722855 seconds
13,27,tanh,AN,342.708267,282.085674,1000,adam --33824.436420440674 seconds
13,27,tanh,SW,352.824124,282.719945,1000,adam --33927.12833285332 seconds
13,28,tanh,AN,343.077923,282.493182,1000,adam --34030.73475551605 seconds
13,28,tanh,SW,350.363349,283.088432,1000,adam --34133.8691740036 seconds
13,29,tanh,AN,342.317664,282.830349,1000,adam --34237.06422281265 seconds
13,29,tanh,SW,349.201078,281.440880,1000,adam --34340.69167947769 seconds
14,2,tanh,AN,321.962072,274.284482,1000,adam --34444.91968154907 seconds
14,2,tanh,SW,314.771256,277.997226,1000,adam --34549.968532800674 seconds
14,3,tanh,AN,297.717462,282.213045,1000,adam --34654.90430808067 seconds
14,3,tanh,SW,315.507553,279.327947,1000,adam --34759.57963466644 seconds
14,4,tanh,AN,318.029845,284.298994,1000,adam --34864.51302933693 seconds
14,4,tanh,SW,314.611026,280.629074,1000,adam --34969.89235186577 seconds
14,5,tanh,AN,290.990490,274.557281,1000,adam --35075.08207201958 seconds
14,5,tanh,SW,314.244242,278.866311,1000,adam --35181.578879356384 seconds
14,6,tanh,AN,286.369981,280.325980,1000,adam --35286.97208595276 seconds
14,6,tanh,SW,315.278935,280.117620,1000,adam --35392.9426715374 seconds
14,7,tanh,AN,287.819381,278.231054,1000,adam --35499.35411810875 seconds
14,7,tanh,SW,317.618523,280.186214,1000,adam --35606.19572377205 seconds
14,8,tanh,AN,293.739862,281.715961,1000,adam --35713.738174915314 seconds
14,8,tanh,SW,317.378193,280.774519,1000,adam --35821.420219659805 seconds
14,9,tanh,AN,295.139920,281.201204,1000,adam --35928.38143539429 seconds
14,9,tanh,SW,320.270857,280.530063,1000,adam --36036.132066726685 seconds
14,10,tanh,AN,296.005682,278.148262,1000,adam --36143.72133922577 seconds
14,10,tanh,SW,318.461540,280.944305,1000,adam --36252.21136593819 seconds
14,11,tanh,AN,295.951592,284.891131,1000,adam --36361.33423638344 seconds
14,11,tanh,SW,320.836457,280.013175,1000,adam --36469.93460583687 seconds
14,12,tanh,AN,295.506832,281.501402,1000,adam --36578.74978399277 seconds
14,12,tanh,SW,318.408250,281.456251,1000,adam --36687.396559000015 seconds
14,13,tanh,AN,289.822223,291.781513,1000,adam --36796.1838722229 seconds
14,13,tanh,SW,311.993554,280.548047,1000,adam --36905.48521566391 seconds
14,14,tanh,AN,291.018258,293.216146,1000,adam --37015.763978004456 seconds
14,14,tanh,SW,316.549660,282.298522,1000,adam --37125.657807826996 seconds
14,15,tanh,AN,291.926899,295.172090,1000,adam --37235.697236299515 seconds
14,15,tanh,SW,316.647621,281.820110,1000,adam --37345.56026172638 seconds
14,16,tanh,AN,297.721772,295.211550,1000,adam --37456.255444288254 seconds
14,16,tanh,SW,314.657903,280.510234,1000,adam --37567.2941801548 seconds
14,17,tanh,AN,312.423388,295.463235,1000,adam --37677.854058265686 seconds
14,17,tanh,SW,315.016855,280.075915,1000,adam --37789.35652112961 seconds
14,18,tanh,AN,313.937743,290.284159,1000,adam --37900.748750686646 seconds
14,18,tanh,SW,318.718719,282.024637,1000,adam --38011.778599739075 seconds
14,19,tanh,AN,317.611090,289.681644,1000,adam --38124.332471609116 seconds
14,19,tanh,SW,317.163532,282.726911,1000,adam --38236.798337221146 seconds
14,20,tanh,AN,317.502889,286.155295,1000,adam --38349.69938445091 seconds
14,20,tanh,SW,320.323515,285.450266,1000,adam --38462.8205370903 seconds
14,21,tanh,AN,318.807514,283.128544,1000,adam --38576.3353164196 seconds
14,21,tanh,SW,318.368923,283.806874,1000,adam --38689.13796830177 seconds
14,22,tanh,AN,317.359273,280.669312,1000,adam --38802.572328329086 seconds
14,22,tanh,SW,315.657139,281.851525,1000,adam --38916.267357587814 seconds
14,23,tanh,AN,318.891110,279.666686,1000,adam --39031.12564587593 seconds
14,23,tanh,SW,315.017068,287.086728,1000,adam --39145.0252931118 seconds
14,24,tanh,AN,317.678146,276.683704,1000,adam --39259.1489071846 seconds
14,24,tanh,SW,318.494010,284.478650,1000,adam --39373.70726585388 seconds
14,25,tanh,AN,318.148372,276.880127,1000,adam --39488.7650449276 seconds
14,25,tanh,SW,312.649491,282.440131,1000,adam --39604.62021231651 seconds
14,26,tanh,AN,317.137805,275.015327,1000,adam --39719.808811903 seconds
14,26,tanh,SW,316.818696,280.891183,1000,adam --39835.186213970184 seconds
14,27,tanh,AN,317.605465,277.328164,1000,adam --39951.091975450516 seconds
14,27,tanh,SW,317.484672,287.355401,1000,adam --40066.77290081978 seconds
14,28,tanh,AN,322.337568,278.738102,1000,adam --40183.10018014908 seconds
14,28,tanh,SW,319.383058,284.521478,1000,adam --40299.59391975403 seconds
14,29,tanh,AN,321.234050,278.932977,1000,adam --40416.357203722 seconds
14,29,tanh,SW,316.385654,283.382819,1000,adam --40534.057971954346 seconds
15,2,tanh,AN,285.849621,284.900865,1000,adam --40650.58379125595 seconds
15,2,tanh,SW,311.661165,273.105272,1000,adam --40768.678371191025 seconds
15,3,tanh,AN,278.110428,281.195686,1000,adam --40887.16956758499 seconds
15,3,tanh,SW,314.034111,275.639778,1000,adam --41005.66257619858 seconds
15,4,tanh,AN,272.718960,276.760983,1000,adam --41124.224469184875 seconds
15,4,tanh,SW,316.146349,275.768448,1000,adam --41243.16828560829 seconds
15,5,tanh,AN,271.535463,278.753326,1000,adam --41363.46183228493 seconds
15,5,tanh,SW,317.199954,277.694742,1000,adam --41483.08201646805 seconds
15,6,tanh,AN,273.249874,276.890479,1000,adam --41602.90063023567 seconds
15,6,tanh,SW,314.819362,277.109838,1000,adam --41723.01846289635 seconds
15,7,tanh,AN,274.286082,277.074130,1000,adam --41844.252668619156 seconds
15,7,tanh,SW,314.284282,276.595450,1000,adam --41964.23666334152 seconds
15,8,tanh,AN,284.863067,275.114664,1000,adam --42086.329590797424 seconds
15,8,tanh,SW,317.015589,276.812165,1000,adam --42210.307948589325 seconds
15,9,tanh,AN,285.204320,278.127999,1000,adam --42332.584610939026 seconds
15,9,tanh,SW,315.735309,275.528956,1000,adam --42453.72719669342 seconds
15,10,tanh,AN,284.099671,278.808573,1000,adam --42574.41373515129 seconds
15,10,tanh,SW,315.556743,276.839663,1000,adam --42695.86532497406 seconds
15,11,tanh,AN,282.487198,279.697906,1000,adam --42818.308059453964 seconds
15,11,tanh,SW,313.059299,277.736170,1000,adam --42941.53255081177 seconds
15,12,tanh,AN,289.939715,279.951986,1000,adam --43063.98896074295 seconds
15,12,tanh,SW,309.763386,278.554187,1000,adam --43187.38317275047 seconds
15,13,tanh,AN,287.503612,286.369120,1000,adam --43310.03778028488 seconds
15,13,tanh,SW,312.631840,279.947698,1000,adam --43433.54250431061 seconds
15,14,tanh,AN,287.372399,287.237818,1000,adam --43557.35916543007 seconds
15,14,tanh,SW,308.562732,279.491524,1000,adam --43681.9693069458 seconds
15,15,tanh,AN,304.012204,283.596151,1000,adam --43807.04660630226 seconds
15,15,tanh,SW,310.958923,278.374462,1000,adam --43931.07262611389 seconds
15,16,tanh,AN,304.951585,284.980517,1000,adam --44056.05767130852 seconds
15,16,tanh,SW,311.980227,278.865147,1000,adam --44182.611730098724 seconds
15,17,tanh,AN,310.388442,282.605843,1000,adam --44308.85169029236 seconds
15,17,tanh,SW,311.243990,276.770766,1000,adam --44438.86303305626 seconds
15,18,tanh,AN,311.137610,279.637154,1000,adam --44565.88443660736 seconds
15,18,tanh,SW,311.977959,277.252068,1000,adam --44692.051199913025 seconds
15,19,tanh,AN,314.640131,278.193880,1000,adam --44819.45614910126 seconds
15,19,tanh,SW,311.687716,281.280924,1000,adam --44945.668442964554 seconds
15,20,tanh,AN,315.021951,277.379188,1000,adam --45072.68675518036 seconds
15,20,tanh,SW,317.138178,278.835527,1000,adam --45200.88935518265 seconds
15,21,tanh,AN,314.357196,272.672184,1000,adam --45329.60298371315 seconds
15,21,tanh,SW,319.370309,278.120189,1000,adam --45457.04202127457 seconds
15,22,tanh,AN,314.478021,271.784944,1000,adam --45586.8427901268 seconds
15,22,tanh,SW,311.839433,280.769960,1000,adam --45716.42729258537 seconds
15,23,tanh,AN,313.603709,273.939917,1000,adam --45846.37040638924 seconds
15,23,tanh,SW,314.359930,280.638400,1000,adam --45976.49935221672 seconds
15,24,tanh,AN,309.835478,275.114228,1000,adam --46105.7818338871 seconds
15,24,tanh,SW,313.691720,279.498283,1000,adam --46235.750351667404 seconds
15,25,tanh,AN,313.132870,273.208479,1000,adam --46365.97306036949 seconds
15,25,tanh,SW,320.633714,277.637884,1000,adam --46496.86927843094 seconds
15,26,tanh,AN,311.410112,273.355768,1000,adam --46628.79396510124 seconds
15,26,tanh,SW,311.966573,280.671192,1000,adam --46759.32697892189 seconds
15,27,tanh,AN,310.381386,276.582952,1000,adam --46891.07490038872 seconds
15,27,tanh,SW,313.629702,279.979200,1000,adam --47021.75186371803 seconds
15,28,tanh,AN,315.665967,277.341984,1000,adam --47154.8397257328 seconds
15,28,tanh,SW,309.389043,279.629064,1000,adam --47288.02242422104 seconds
15,29,tanh,AN,313.715056,279.103617,1000,adam --47421.49095869064 seconds
15,29,tanh,SW,311.818842,279.215860,1000,adam --47544.29760980606 seconds