2,2,tanh,AN,1.398469,1.151384,1000,adam --77.9553656578064 seconds
2,2,tanh,SW,1.659561,1.348978,1000,adam --176.1170732975006 seconds
2,3,tanh,AN,1.429927,1.174457,1000,adam --262.1021068096161 seconds
2,3,tanh,SW,1.655989,1.345907,1000,adam --361.05913734436035 seconds
2,4,tanh,AN,1.440844,1.178051,1000,adam --449.60346841812134 seconds
2,4,tanh,SW,1.658696,1.348277,1000,adam --549.7741277217865 seconds
2,5,tanh,AN,1.489430,1.191532,1000,adam --640.6742441654205 seconds
2,5,tanh,SW,1.657329,1.347301,1000,adam --741.423677444458 seconds
2,6,tanh,AN,1.490705,1.180691,1000,adam --834.1879193782806 seconds
2,6,tanh,SW,1.654459,1.344822,1000,adam --935.9435315132141 seconds
2,7,tanh,AN,1.528978,1.188323,1000,adam --1029.8944201469421 seconds
2,7,tanh,SW,1.653825,1.344190,1000,adam --1133.1270260810852 seconds
2,8,tanh,AN,1.530521,1.191595,1000,adam --1227.8632678985596 seconds
2,8,tanh,SW,1.658639,1.348281,1000,adam --1331.7362661361694 seconds
2,9,tanh,AN,1.530303,1.197375,1000,adam --1427.3468623161316 seconds
2,9,tanh,SW,1.659330,1.348899,1000,adam --1531.5253524780273 seconds
2,10,tanh,AN,1.544855,1.201128,1000,adam --1628.65877866745 seconds
2,10,tanh,SW,1.652063,1.340648,1000,adam --1734.689820766449 seconds
2,11,tanh,AN,1.530774,1.247920,1000,adam --1833.0785279273987 seconds
2,11,tanh,SW,1.650129,1.338904,1000,adam --1940.1863045692444 seconds
2,12,tanh,AN,1.541806,1.264045,1000,adam --2037.5972001552582 seconds
2,12,tanh,SW,1.657930,1.345431,1000,adam --2141.5558712482452 seconds
2,13,tanh,AN,1.537543,1.254296,1000,adam --2238.4959931373596 seconds
2,13,tanh,SW,1.662589,1.349568,1000,adam --2342.741002559662 seconds
2,14,tanh,AN,1.529820,1.243152,1000,adam --2440.032253265381 seconds
2,14,tanh,SW,1.656920,1.344533,1000,adam --2545.2236590385437 seconds
2,15,tanh,AN,1.532579,1.243368,1000,adam --2643.8465752601624 seconds
2,15,tanh,SW,1.659247,1.341689,1000,adam --2750.2841420173645 seconds
2,16,tanh,AN,1.542224,1.240970,1000,adam --2850.508474588394 seconds
2,16,tanh,SW,1.659703,1.341999,1000,adam --2958.130355358124 seconds
2,17,tanh,AN,1.544567,1.242743,1000,adam --3059.7218930721283 seconds
2,17,tanh,SW,1.653607,1.336789,1000,adam --3168.5338258743286 seconds
2,18,tanh,AN,1.546584,1.245482,1000,adam --3271.0944850444794 seconds
2,18,tanh,SW,1.663511,1.345261,1000,adam --3381.1256642341614 seconds
2,19,tanh,AN,1.544527,1.246341,1000,adam --3484.61056804657 seconds
2,19,tanh,SW,1.655699,1.338532,1000,adam --3595.5101432800293 seconds
2,20,tanh,AN,1.550062,1.251701,1000,adam --3699.451945066452 seconds
2,20,tanh,SW,1.658003,1.341516,1000,adam --3811.2971210479736 seconds
2,21,tanh,AN,1.556216,1.252965,1000,adam --3916.4179832935333 seconds
2,21,tanh,SW,1.652542,1.336812,1000,adam --4028.954005718231 seconds
2,22,tanh,AN,1.558899,1.256535,1000,adam --4135.138293027878 seconds
2,22,tanh,SW,1.656926,1.340680,1000,adam --4248.672927856445 seconds
2,23,tanh,AN,1.569236,1.273163,1000,adam --4355.411427736282 seconds
2,23,tanh,SW,1.655432,1.339408,1000,adam --4469.448416471481 seconds
2,24,tanh,AN,1.566864,1.262082,1000,adam --4576.706691741943 seconds
2,24,tanh,SW,1.652327,1.336593,1000,adam --4691.282311201096 seconds
2,25,tanh,AN,1.559584,1.251917,1000,adam --4799.462730646133 seconds
2,25,tanh,SW,1.657916,1.337516,1000,adam --4915.177013874054 seconds
2,26,tanh,AN,1.555985,1.254438,1000,adam --5023.083664655685 seconds
2,26,tanh,SW,1.655728,1.336044,1000,adam --5137.891604185104 seconds
2,27,tanh,AN,1.563284,1.256995,1000,adam --5246.198029994965 seconds
2,27,tanh,SW,1.659572,1.339085,1000,adam --5361.743640422821 seconds
2,28,tanh,AN,1.557839,1.248955,1000,adam --5470.88805770874 seconds
2,28,tanh,SW,1.659354,1.338889,1000,adam --5587.475488424301 seconds
2,29,tanh,AN,1.564993,1.254463,1000,adam --5697.460910558701 seconds
2,29,tanh,SW,1.663865,1.342864,1000,adam --5814.703568458557 seconds
3,2,tanh,AN,1.399657,1.127325,1000,adam --5906.59540438652 seconds
3,2,tanh,SW,1.701002,1.377028,1000,adam --6025.372205018997 seconds
3,3,tanh,AN,1.436661,1.140083,1000,adam --6124.727807044983 seconds
3,3,tanh,SW,1.707717,1.382973,1000,adam --6244.33878326416 seconds
3,4,tanh,AN,1.467303,1.159633,1000,adam --6347.305166959763 seconds
3,4,tanh,SW,1.701778,1.378211,1000,adam --6468.12221121788 seconds
3,5,tanh,AN,1.473868,1.166176,1000,adam --6573.580651044846 seconds
3,5,tanh,SW,1.691647,1.369128,1000,adam --6694.212427616119 seconds
3,6,tanh,AN,1.476946,1.169874,1000,adam --6800.847115755081 seconds
3,6,tanh,SW,1.691394,1.369199,1000,adam --6923.444953918457 seconds
3,7,tanh,AN,1.514910,1.174319,1000,adam --7033.693774461746 seconds
3,7,tanh,SW,1.708525,1.383452,1000,adam --7157.4566485881805 seconds
3,8,tanh,AN,1.516501,1.185358,1000,adam --7268.531585216522 seconds
3,8,tanh,SW,1.693041,1.370582,1000,adam --7392.5325655937195 seconds
3,9,tanh,AN,1.517041,1.180394,1000,adam --7505.056364297867 seconds
3,9,tanh,SW,1.697518,1.371961,1000,adam --7629.831544160843 seconds
3,10,tanh,AN,1.526278,1.186798,1000,adam --7744.28848361969 seconds
3,10,tanh,SW,1.693905,1.369366,1000,adam --7871.033215999603 seconds
3,11,tanh,AN,1.525338,1.244993,1000,adam --7985.8825669288635 seconds
3,11,tanh,SW,1.696274,1.370223,1000,adam --8110.950206041336 seconds
3,12,tanh,AN,1.525418,1.243738,1000,adam --8225.327286243439 seconds
3,12,tanh,SW,1.703961,1.377621,1000,adam --8351.439966201782 seconds
3,13,tanh,AN,1.523577,1.242566,1000,adam --8467.419255018234 seconds
3,13,tanh,SW,1.684994,1.361149,1000,adam --8594.719012737274 seconds
3,14,tanh,AN,1.533886,1.244537,1000,adam --8711.75285410881 seconds
3,14,tanh,SW,1.699478,1.368921,1000,adam --8840.047644376755 seconds
3,15,tanh,AN,1.526614,1.237354,1000,adam --8958.79680109024 seconds
3,15,tanh,SW,1.702103,1.371141,1000,adam --9087.651784658432 seconds
3,16,tanh,AN,1.527780,1.239625,1000,adam --9207.556342124939 seconds
3,16,tanh,SW,1.690349,1.361483,1000,adam --9337.44422364235 seconds
3,17,tanh,AN,1.538401,1.247845,1000,adam --9458.859948158264 seconds
3,17,tanh,SW,1.695568,1.365802,1000,adam --9589.734155654907 seconds
3,18,tanh,AN,1.535291,1.241756,1000,adam --9711.176468372345 seconds
3,18,tanh,SW,1.706271,1.375562,1000,adam --9843.358456373215 seconds
3,19,tanh,AN,1.551448,1.242941,1000,adam --9965.682090044022 seconds
3,19,tanh,SW,1.694927,1.365248,1000,adam --10098.132927179337 seconds
3,20,tanh,AN,1.554961,1.247291,1000,adam --10221.240633249283 seconds
3,20,tanh,SW,1.705284,1.374779,1000,adam --10354.835259437561 seconds
3,21,tanh,AN,1.543654,1.244525,1000,adam --10479.141278982162 seconds
3,21,tanh,SW,1.683450,1.355521,1000,adam --10614.006554841995 seconds
3,22,tanh,AN,1.555924,1.261910,1000,adam --10738.973469495773 seconds
3,22,tanh,SW,1.693219,1.364329,1000,adam --10874.503114938736 seconds
3,23,tanh,AN,1.547495,1.251810,1000,adam --11001.488699436188 seconds
3,23,tanh,SW,1.709724,1.377900,1000,adam --11138.956289768219 seconds
3,24,tanh,AN,1.552928,1.247263,1000,adam --11266.673331022263 seconds
3,24,tanh,SW,1.699301,1.366795,1000,adam --11403.15436720848 seconds
3,25,tanh,AN,1.549747,1.250192,1000,adam --11531.16339468956 seconds
3,25,tanh,SW,1.694397,1.362283,1000,adam --11668.957754611969 seconds
3,26,tanh,AN,1.550064,1.246200,1000,adam --11797.783968448639 seconds
3,26,tanh,SW,1.687735,1.356984,1000,adam --11936.60230922699 seconds
3,27,tanh,AN,1.551964,1.247977,1000,adam --12066.546430826187 seconds
3,27,tanh,SW,1.685564,1.354315,1000,adam --12205.972253799438 seconds
3,28,tanh,AN,1.553677,1.248359,1000,adam --12336.505180120468 seconds
3,28,tanh,SW,1.690130,1.358318,1000,adam --12476.433613538742 seconds
3,29,tanh,AN,1.560640,1.261946,1000,adam --12607.689306497574 seconds
3,29,tanh,SW,1.699296,1.366795,1000,adam --12748.774221897125 seconds
4,2,tanh,AN,1.429831,1.146802,1000,adam --12857.501731395721 seconds
4,2,tanh,SW,1.689311,1.372349,1000,adam --12999.767529010773 seconds
4,3,tanh,AN,1.461673,1.149437,1000,adam --13117.41427564621 seconds
4,3,tanh,SW,1.708336,1.391037,1000,adam --13260.552683115005 seconds
4,4,tanh,AN,1.476260,1.159024,1000,adam --13382.280111789703 seconds
4,4,tanh,SW,1.711119,1.393306,1000,adam --13527.048164129257 seconds
4,5,tanh,AN,1.474269,1.171268,1000,adam --13650.531962394714 seconds
4,5,tanh,SW,1.694375,1.377691,1000,adam --13795.861082077026 seconds
4,6,tanh,AN,1.471664,1.163783,1000,adam --13920.871897697449 seconds
4,6,tanh,SW,1.687486,1.372103,1000,adam --14066.600663900375 seconds
4,7,tanh,AN,1.509041,1.169838,1000,adam --14193.045830488205 seconds
4,7,tanh,SW,1.698600,1.382176,1000,adam --14339.1805062294 seconds
4,8,tanh,AN,1.520417,1.186374,1000,adam --14467.153282165527 seconds
4,8,tanh,SW,1.697226,1.377960,1000,adam --14612.884111404419 seconds
4,9,tanh,AN,1.526572,1.196609,1000,adam --14741.868223905563 seconds
4,9,tanh,SW,1.699825,1.379382,1000,adam --14888.489797830582 seconds
4,10,tanh,AN,1.517803,1.254665,1000,adam --15017.59021949768 seconds
4,10,tanh,SW,1.699535,1.379083,1000,adam --15164.28989982605 seconds
4,11,tanh,AN,1.516540,1.256162,1000,adam --15296.338760137558 seconds
4,11,tanh,SW,1.682604,1.364900,1000,adam --15443.929057836533 seconds
4,12,tanh,AN,1.514575,1.248775,1000,adam --15577.79625248909 seconds
4,12,tanh,SW,1.704909,1.384559,1000,adam --15725.655621051788 seconds
4,13,tanh,AN,1.524188,1.250252,1000,adam --15859.98316192627 seconds
4,13,tanh,SW,1.713778,1.387345,1000,adam --16009.07566666603 seconds
4,14,tanh,AN,1.531907,1.250612,1000,adam --16145.579117774963 seconds
4,14,tanh,SW,1.706917,1.382059,1000,adam --16296.004581689835 seconds
4,15,tanh,AN,1.530527,1.245102,1000,adam --16433.13905787468 seconds
4,15,tanh,SW,1.702975,1.378463,1000,adam --16584.46980524063 seconds
4,16,tanh,AN,1.530585,1.246844,1000,adam --16722.234385252 seconds
4,16,tanh,SW,1.711018,1.385143,1000,adam --16874.163246631622 seconds
4,17,tanh,AN,1.528365,1.240111,1000,adam --17014.206782579422 seconds
4,17,tanh,SW,1.683469,1.361404,1000,adam --17167.06419992447 seconds
4,18,tanh,AN,1.540867,1.237702,1000,adam --17309.185986042023 seconds
4,18,tanh,SW,1.706806,1.382833,1000,adam --17462.871301174164 seconds
4,19,tanh,AN,1.545393,1.241748,1000,adam --17604.49306368828 seconds
4,19,tanh,SW,1.699161,1.375758,1000,adam --17759.254356384277 seconds
4,20,tanh,AN,1.550157,1.243513,1000,adam --17902.119450092316 seconds
4,20,tanh,SW,1.678190,1.357217,1000,adam --18056.093885421753 seconds
4,21,tanh,AN,1.547213,1.243337,1000,adam --18198.478719234467 seconds
4,21,tanh,SW,1.694293,1.371647,1000,adam --18354.160830259323 seconds
4,22,tanh,AN,1.544290,1.249322,1000,adam --18496.87320613861 seconds
4,22,tanh,SW,1.703730,1.379982,1000,adam --18653.07241511345 seconds
4,23,tanh,AN,1.582182,1.287230,1000,adam --18796.801962852478 seconds
4,23,tanh,SW,1.706951,1.381268,1000,adam --18953.41945886612 seconds
4,24,tanh,AN,1.555437,1.250583,1000,adam --19097.59823679924 seconds
4,24,tanh,SW,1.710137,1.383650,1000,adam --19254.661989212036 seconds
4,25,tanh,AN,1.562038,1.249241,1000,adam --19400.841715097427 seconds
4,25,tanh,SW,1.689915,1.366841,1000,adam --19558.74860548973 seconds
4,26,tanh,AN,1.572649,1.271035,1000,adam --19706.05082464218 seconds
4,26,tanh,SW,1.695417,1.371647,1000,adam --19865.462082386017 seconds
4,27,tanh,AN,1.555423,1.253011,1000,adam --20014.20549440384 seconds
4,27,tanh,SW,1.704008,1.378936,1000,adam --20174.736000537872 seconds
4,28,tanh,AN,1.556618,1.252702,1000,adam --20323.769618988037 seconds
4,28,tanh,SW,1.701906,1.376306,1000,adam --20485.74154663086 seconds
4,29,tanh,AN,1.567902,1.256085,1000,adam --20635.494406223297 seconds
4,29,tanh,SW,1.706337,1.380755,1000,adam --20797.614195108414 seconds
5,2,tanh,AN,1.411272,1.142454,1000,adam --20921.387936353683 seconds
5,2,tanh,SW,1.702991,1.391586,1000,adam --21084.707700014114 seconds
5,3,tanh,AN,1.459532,1.155994,1000,adam --21215.079168081284 seconds
5,3,tanh,SW,1.683753,1.372782,1000,adam --21379.509256839752 seconds
5,4,tanh,AN,1.500401,1.148437,1000,adam --21514.669296979904 seconds
5,4,tanh,SW,1.682745,1.372999,1000,adam --21678.316869735718 seconds
5,5,tanh,AN,1.496140,1.148039,1000,adam --21814.871026992798 seconds
5,5,tanh,SW,1.690774,1.379826,1000,adam --21979.415113449097 seconds
5,6,tanh,AN,1.501516,1.164989,1000,adam --22119.696780204773 seconds
5,6,tanh,SW,1.706914,1.394976,1000,adam --22285.5937128067 seconds
5,7,tanh,AN,1.511160,1.167633,1000,adam --22428.354677200317 seconds
5,7,tanh,SW,1.690868,1.376942,1000,adam --22593.86244559288 seconds
5,8,tanh,AN,1.505868,1.168015,1000,adam --22737.34659409523 seconds
5,8,tanh,SW,1.679508,1.367299,1000,adam --22904.932584762573 seconds
5,9,tanh,AN,1.508856,1.246409,1000,adam --23050.640005111694 seconds
5,9,tanh,SW,1.684435,1.371522,1000,adam --23218.260282993317 seconds
5,10,tanh,AN,1.508623,1.241716,1000,adam --23365.567402601242 seconds
5,10,tanh,SW,1.693210,1.379260,1000,adam --23534.289412260056 seconds
5,11,tanh,AN,1.508626,1.249281,1000,adam --23683.249052286148 seconds
5,11,tanh,SW,1.704192,1.390447,1000,adam --23852.61737370491 seconds
5,12,tanh,AN,1.517350,1.249562,1000,adam --24002.71088719368 seconds
5,12,tanh,SW,1.686549,1.370108,1000,adam --24173.14681839943 seconds
5,13,tanh,AN,1.513222,1.238346,1000,adam --24326.425400972366 seconds
5,13,tanh,SW,1.680003,1.364332,1000,adam --24497.63649082184 seconds
5,14,tanh,AN,1.522118,1.251162,1000,adam --24651.964126825333 seconds
5,14,tanh,SW,1.721644,1.401653,1000,adam --24823.933824062347 seconds
5,15,tanh,AN,1.522298,1.238631,1000,adam --24979.881759643555 seconds
5,15,tanh,SW,1.703536,1.385785,1000,adam --25152.292335748672 seconds
5,16,tanh,AN,1.523149,1.232157,1000,adam --25309.369438648224 seconds
5,16,tanh,SW,1.686516,1.370068,1000,adam --25481.86296057701 seconds
5,17,tanh,AN,1.534136,1.232671,1000,adam --25639.547132730484 seconds
5,17,tanh,SW,1.702742,1.385738,1000,adam --25814.10922241211 seconds
5,18,tanh,AN,1.542140,1.244153,1000,adam --25973.296772241592 seconds
5,18,tanh,SW,1.701851,1.385284,1000,adam --26147.504198789597 seconds
5,19,tanh,AN,1.539890,1.234341,1000,adam --26306.711919546127 seconds
5,19,tanh,SW,1.695622,1.378309,1000,adam --26482.071105480194 seconds
5,20,tanh,AN,1.549883,1.252002,1000,adam --26641.99317574501 seconds
5,20,tanh,SW,1.708000,1.389290,1000,adam --26818.063858509064 seconds
5,21,tanh,AN,1.545844,1.242280,1000,adam --26979.07641196251 seconds
5,21,tanh,SW,1.698970,1.381775,1000,adam --27155.349593639374 seconds
5,22,tanh,AN,1.547683,1.242020,1000,adam --27316.834560394287 seconds
5,22,tanh,SW,1.698156,1.379380,1000,adam --27494.71797466278 seconds
5,23,tanh,AN,1.547637,1.245500,1000,adam --27657.23753142357 seconds
5,23,tanh,SW,1.686800,1.369378,1000,adam --27835.958911418915 seconds
5,24,tanh,AN,1.552945,1.245103,1000,adam --27999.072747707367 seconds
5,24,tanh,SW,1.687715,1.369852,1000,adam --28178.659116983414 seconds
5,25,tanh,AN,1.566008,1.263435,1000,adam --28342.436894655228 seconds
5,25,tanh,SW,1.720797,1.400970,1000,adam --28523.153447151184 seconds
5,26,tanh,AN,1.559936,1.260478,1000,adam --28688.112663030624 seconds
5,26,tanh,SW,1.685918,1.368361,1000,adam --28868.95520591736 seconds
5,27,tanh,AN,1.568797,1.258186,1000,adam --29036.064559698105 seconds
5,27,tanh,SW,1.701261,1.381924,1000,adam --29218.13877058029 seconds
5,28,tanh,AN,1.600832,1.318816,1000,adam --29386.836133480072 seconds
5,28,tanh,SW,1.685770,1.368754,1000,adam --29570.660601854324 seconds
5,29,tanh,AN,1.560372,1.252004,1000,adam --29740.291107177734 seconds
5,29,tanh,SW,1.699828,1.380625,1000,adam --29923.377281427383 seconds
6,2,tanh,AN,1.481201,1.146102,1000,adam --30063.338126420975 seconds
6,2,tanh,SW,1.687256,1.374523,1000,adam --30245.014964818954 seconds
6,3,tanh,AN,1.491075,1.141739,1000,adam --30392.192414999008 seconds
6,3,tanh,SW,1.691297,1.377183,1000,adam --30575.517994642258 seconds
6,4,tanh,AN,1.493054,1.146119,1000,adam --30725.08556342125 seconds
6,4,tanh,SW,1.691578,1.378830,1000,adam --30912.022109270096 seconds
6,5,tanh,AN,1.499844,1.153842,1000,adam --31068.97680926323 seconds
6,5,tanh,SW,1.705414,1.392076,1000,adam --31257.793364286423 seconds
6,6,tanh,AN,1.506786,1.169264,1000,adam --31416.90900993347 seconds
6,6,tanh,SW,1.706232,1.389712,1000,adam --31606.613039970398 seconds
6,7,tanh,AN,1.503568,1.245796,1000,adam --31767.873605251312 seconds
6,7,tanh,SW,1.700120,1.383527,1000,adam --31958.417441368103 seconds
6,8,tanh,AN,1.507801,1.244942,1000,adam --32121.68155360222 seconds
6,8,tanh,SW,1.690304,1.374948,1000,adam --32312.76872754097 seconds
6,9,tanh,AN,1.510479,1.245199,1000,adam --32476.453563451767 seconds
6,9,tanh,SW,1.702352,1.387464,1000,adam --32666.27649784088 seconds
6,10,tanh,AN,1.515659,1.244896,1000,adam --32833.78348445892 seconds
6,10,tanh,SW,1.700513,1.384483,1000,adam --33026.020996809006 seconds
6,11,tanh,AN,1.513444,1.243316,1000,adam --33192.650965452194 seconds
6,11,tanh,SW,1.689282,1.371849,1000,adam --33385.65735244751 seconds
6,12,tanh,AN,1.509907,1.237405,1000,adam --33554.04490113258 seconds
6,12,tanh,SW,1.686796,1.368430,1000,adam --33745.351989507675 seconds
6,13,tanh,AN,1.534827,1.264804,1000,adam --33914.94126987457 seconds
6,13,tanh,SW,1.686497,1.368366,1000,adam --34107.973794937134 seconds
6,14,tanh,AN,1.518484,1.236381,1000,adam --34277.57979750633 seconds
6,14,tanh,SW,1.681038,1.364023,1000,adam --34470.97015953064 seconds
6,15,tanh,AN,1.520603,1.236328,1000,adam --34644.95520281792 seconds
6,15,tanh,SW,1.709585,1.389328,1000,adam --34840.57999134064 seconds
6,16,tanh,AN,1.537681,1.246034,1000,adam --35016.26919031143 seconds
6,16,tanh,SW,1.686970,1.369738,1000,adam --35214.68381309509 seconds
6,17,tanh,AN,1.539685,1.254950,1000,adam --35392.242482185364 seconds
6,17,tanh,SW,1.684977,1.366804,1000,adam --35590.95532798767 seconds
6,18,tanh,AN,1.540392,1.250794,1000,adam --35769.363857746124 seconds
6,18,tanh,SW,1.681902,1.364711,1000,adam --35968.4665312767 seconds
6,19,tanh,AN,1.554931,1.257765,1000,adam --36148.67852020264 seconds
6,19,tanh,SW,1.699604,1.379033,1000,adam --36349.47580528259 seconds
6,20,tanh,AN,1.556192,1.251231,1000,adam --36531.249982357025 seconds
6,20,tanh,SW,1.720101,1.399736,1000,adam --36734.16085314751 seconds
6,21,tanh,AN,1.541339,1.233828,1000,adam --36916.94210791588 seconds
6,21,tanh,SW,1.696275,1.375647,1000,adam --37118.65585684776 seconds
6,22,tanh,AN,1.561460,1.266983,1000,adam --37302.41527342796 seconds
6,22,tanh,SW,1.686467,1.367685,1000,adam --37505.3950612545 seconds
6,23,tanh,AN,1.546983,1.243204,1000,adam --37688.54502034187 seconds
6,23,tanh,SW,1.690106,1.370991,1000,adam --37891.348361968994 seconds
6,24,tanh,AN,1.553155,1.250656,1000,adam --38074.51269364357 seconds
6,24,tanh,SW,1.689176,1.370024,1000,adam --38276.78765010834 seconds
6,25,tanh,AN,1.551935,1.240870,1000,adam --38460.59607076645 seconds
6,25,tanh,SW,1.692013,1.372077,1000,adam --38663.65826129913 seconds
6,26,tanh,AN,1.569521,1.255510,1000,adam --38848.5686917305 seconds
6,26,tanh,SW,1.700349,1.380255,1000,adam --39051.439596652985 seconds
6,27,tanh,AN,1.571236,1.255189,1000,adam --39237.20526957512 seconds
6,27,tanh,SW,1.685656,1.366212,1000,adam --39440.97602009773 seconds
6,28,tanh,AN,1.575653,1.266620,1000,adam --39626.941402196884 seconds
6,28,tanh,SW,1.685631,1.366607,1000,adam --39830.17066049576 seconds
6,29,tanh,AN,1.564880,1.263920,1000,adam --40016.53492331505 seconds
6,29,tanh,SW,1.676586,1.358217,1000,adam --40222.115020275116 seconds
7,2,tanh,AN,1.474846,1.145878,1000,adam --40377.257712602615 seconds
7,2,tanh,SW,1.686794,1.379329,1000,adam --40583.624197244644 seconds
7,3,tanh,AN,1.484876,1.154366,1000,adam --40744.94477057457 seconds
7,3,tanh,SW,1.695409,1.385643,1000,adam --40952.74063253403 seconds
7,4,tanh,AN,1.492146,1.153334,1000,adam --41118.530054569244 seconds
7,4,tanh,SW,1.689154,1.378037,1000,adam --41326.069652318954 seconds
7,5,tanh,AN,1.502811,1.231048,1000,adam --41494.89207673073 seconds
7,5,tanh,SW,1.703432,1.391540,1000,adam --41700.4203710556 seconds
7,6,tanh,AN,1.507479,1.241901,1000,adam --41873.9571249485 seconds
7,6,tanh,SW,1.697476,1.385801,1000,adam --42081.88413333893 seconds
7,7,tanh,AN,1.513535,1.240648,1000,adam --42257.04399228096 seconds
7,7,tanh,SW,1.695887,1.382202,1000,adam --42467.60243296623 seconds
7,8,tanh,AN,1.502394,1.241737,1000,adam --42645.691333055496 seconds
7,8,tanh,SW,1.698709,1.386934,1000,adam --42856.92547297478 seconds
7,9,tanh,AN,1.509156,1.235994,1000,adam --43038.62170100212 seconds
7,9,tanh,SW,1.679834,1.371173,1000,adam --43248.23725581169 seconds
7,10,tanh,AN,1.514084,1.248732,1000,adam --43431.45893025398 seconds
7,10,tanh,SW,1.664177,1.352457,1000,adam --43644.523960113525 seconds
7,11,tanh,AN,1.506826,1.229397,1000,adam --43828.643667936325 seconds
7,11,tanh,SW,1.682609,1.367641,1000,adam --44042.214686870575 seconds
7,12,tanh,AN,1.528764,1.250491,1000,adam --44229.14688014984 seconds
7,12,tanh,SW,1.678309,1.363705,1000,adam --44444.24611520767 seconds
7,13,tanh,AN,1.522687,1.231890,1000,adam --44633.770312309265 seconds
7,13,tanh,SW,1.692306,1.376708,1000,adam --44849.83227777481 seconds
7,14,tanh,AN,1.537701,1.245387,1000,adam --45038.865931749344 seconds
7,14,tanh,SW,1.671715,1.359030,1000,adam --45256.42736983299 seconds
7,15,tanh,AN,1.532784,1.235190,1000,adam --45447.20882892609 seconds
7,15,tanh,SW,1.691013,1.375569,1000,adam --45666.20026278496 seconds
7,16,tanh,AN,1.540120,1.241610,1000,adam --45859.580017089844 seconds
7,16,tanh,SW,1.692156,1.377169,1000,adam --46077.45123171806 seconds
7,17,tanh,AN,1.542256,1.241910,1000,adam --46269.69947695732 seconds
7,17,tanh,SW,1.689836,1.374532,1000,adam --46490.42937684059 seconds
7,18,tanh,AN,1.540414,1.241786,1000,adam --46684.70381426811 seconds
7,18,tanh,SW,1.669033,1.358049,1000,adam --46904.079186201096 seconds
7,19,tanh,AN,1.543390,1.241695,1000,adam --47101.840879917145 seconds
7,19,tanh,SW,1.682341,1.368864,1000,adam --47323.202875852585 seconds
7,20,tanh,AN,1.547824,1.247602,1000,adam --47522.11380696297 seconds
7,20,tanh,SW,1.689925,1.374328,1000,adam --47742.078083992004 seconds
7,21,tanh,AN,1.551575,1.260637,1000,adam --47940.46755743027 seconds
7,21,tanh,SW,1.677147,1.362248,1000,adam --48162.237339258194 seconds
7,22,tanh,AN,1.551649,1.255658,1000,adam --48361.08736991882 seconds
7,22,tanh,SW,1.683280,1.367631,1000,adam --48585.935601472855 seconds
7,23,tanh,AN,1.570214,1.276148,1000,adam --48787.37272667885 seconds
7,23,tanh,SW,1.714895,1.394769,1000,adam --49012.61678671837 seconds
7,24,tanh,AN,1.562698,1.255374,1000,adam --49215.235132455826 seconds
7,24,tanh,SW,1.667734,1.354054,1000,adam --49441.4044675827 seconds
7,25,tanh,AN,1.555541,1.250252,1000,adam --49646.25268530846 seconds
7,25,tanh,SW,1.665218,1.351462,1000,adam --49874.97580885887 seconds
7,26,tanh,AN,1.554667,1.247064,1000,adam --50080.34746670723 seconds
7,26,tanh,SW,1.687708,1.371980,1000,adam --50306.10221242905 seconds
7,27,tanh,AN,1.556949,1.246053,1000,adam --50511.25985479355 seconds
7,27,tanh,SW,1.689270,1.373879,1000,adam --50742.591969013214 seconds
7,28,tanh,AN,1.559772,1.259292,1000,adam --50950.86706662178 seconds
7,28,tanh,SW,1.688771,1.373996,1000,adam --51179.085688352585 seconds
7,29,tanh,AN,1.558204,1.251152,1000,adam --51384.65995883942 seconds
7,29,tanh,SW,1.696945,1.381398,1000,adam --51615.26400279999 seconds
8,2,tanh,AN,1.446650,1.149699,1000,adam --51791.4971511364 seconds
8,2,tanh,SW,1.663604,1.361872,1000,adam --52022.94238567352 seconds
8,3,tanh,AN,1.465562,1.235235,1000,adam --52203.58285737038 seconds
8,3,tanh,SW,1.685900,1.383318,1000,adam --52435.510909080505 seconds
8,4,tanh,AN,1.495888,1.229983,1000,adam --52620.09393620491 seconds
8,4,tanh,SW,1.680233,1.375070,1000,adam --52854.41214680672 seconds
8,5,tanh,AN,1.502678,1.238710,1000,adam --53040.76867055893 seconds
8,5,tanh,SW,1.678846,1.374522,1000,adam --53275.47701597214 seconds
8,6,tanh,AN,1.500036,1.233520,1000,adam --53469.34287929535 seconds
8,6,tanh,SW,1.666400,1.363684,1000,adam --53703.4111866951 seconds
8,7,tanh,AN,1.500873,1.227548,1000,adam --53897.11275219917 seconds
8,7,tanh,SW,1.682217,1.376113,1000,adam --54133.84669446945 seconds
8,8,tanh,AN,1.502164,1.238035,1000,adam --54333.5979514122 seconds
8,8,tanh,SW,1.687720,1.384004,1000,adam --54570.92547440529 seconds
8,9,tanh,AN,1.510139,1.243879,1000,adam --54771.10505628586 seconds
8,9,tanh,SW,1.694309,1.384963,1000,adam --55008.26025867462 seconds
8,10,tanh,AN,1.507590,1.228659,1000,adam --55211.26209950447 seconds
8,10,tanh,SW,1.683411,1.375820,1000,adam --55449.40801668167 seconds
8,11,tanh,AN,1.511455,1.231303,1000,adam --55653.89400148392 seconds
8,11,tanh,SW,1.671299,1.362570,1000,adam --55894.64931845665 seconds
8,12,tanh,AN,1.517075,1.225589,1000,adam --56102.20094037056 seconds
8,12,tanh,SW,1.715764,1.405417,1000,adam --56344.24341082573 seconds
8,13,tanh,AN,1.542080,1.240818,1000,adam --56554.07363271713 seconds
8,13,tanh,SW,1.675933,1.370114,1000,adam --56794.13126993179 seconds
8,14,tanh,AN,1.535548,1.235583,1000,adam --57004.11730837822 seconds
8,14,tanh,SW,1.672238,1.366981,1000,adam --57246.626101732254 seconds
8,15,tanh,AN,1.535112,1.239544,1000,adam --57459.79811882973 seconds
8,15,tanh,SW,1.683068,1.375829,1000,adam --57702.15896940231 seconds
8,16,tanh,AN,1.545886,1.250791,1000,adam --57914.50874423981 seconds
8,16,tanh,SW,1.685396,1.380730,1000,adam --58157.61123800278 seconds
8,17,tanh,AN,1.581119,1.274991,1000,adam --58371.63636803627 seconds
8,17,tanh,SW,1.680535,1.374017,1000,adam --58614.64190840721 seconds
8,18,tanh,AN,1.535264,1.240223,1000,adam --58830.092562675476 seconds
8,18,tanh,SW,1.678933,1.370660,1000,adam --59075.2485704422 seconds
8,19,tanh,AN,1.547825,1.257526,1000,adam --59291.4842479229 seconds
8,19,tanh,SW,1.678073,1.368842,1000,adam --59535.75874710083 seconds
8,20,tanh,AN,1.537858,1.247458,1000,adam --59752.6381881237 seconds
8,20,tanh,SW,1.715902,1.404208,1000,adam --59997.39694213867 seconds
8,21,tanh,AN,1.540456,1.250841,1000,adam --60215.38528800011 seconds
8,21,tanh,SW,1.659693,1.352146,1000,adam --60460.97027373314 seconds
8,22,tanh,AN,1.559878,1.277988,1000,adam --60681.4169523716 seconds
8,22,tanh,SW,1.672873,1.363774,1000,adam --60929.19808292389 seconds
8,23,tanh,AN,1.543392,1.248379,1000,adam --61148.527171850204 seconds
8,23,tanh,SW,1.682696,1.373547,1000,adam --61395.35178112984 seconds
8,24,tanh,AN,1.573086,1.278082,1000,adam --61615.776421546936 seconds
8,24,tanh,SW,1.690518,1.381466,1000,adam --61864.096646785736 seconds
8,25,tanh,AN,1.551854,1.242728,1000,adam --62087.04430985451 seconds
8,25,tanh,SW,1.680862,1.371163,1000,adam --62335.65345978737 seconds
8,26,tanh,AN,1.570981,1.254949,1000,adam --62559.52049326897 seconds
8,26,tanh,SW,1.690624,1.382833,1000,adam --62812.670927762985 seconds
8,27,tanh,AN,1.564467,1.252294,1000,adam --63040.53558111191 seconds
8,27,tanh,SW,1.692268,1.381518,1000,adam --63293.4698035717 seconds
8,28,tanh,AN,1.557898,1.248640,1000,adam --63521.2589263916 seconds
8,28,tanh,SW,1.665584,1.356976,1000,adam --63772.06336212158 seconds
8,29,tanh,AN,1.565141,1.251086,1000,adam --64000.52195930481 seconds
8,29,tanh,SW,1.657950,1.348689,1000,adam --64250.75902867317 seconds
9,2,tanh,AN,1.463450,1.147554,1000,adam --64443.2543194294 seconds
9,2,tanh,SW,1.692492,1.389092,1000,adam --64698.33701968193 seconds
9,3,tanh,AN,1.485107,1.235199,1000,adam --64896.12128710747 seconds
9,3,tanh,SW,1.706171,1.396863,1000,adam --65152.635486364365 seconds
9,4,tanh,AN,1.494303,1.225871,1000,adam --65353.55945825577 seconds
9,4,tanh,SW,1.684582,1.377862,1000,adam --65611.6953997612 seconds
9,5,tanh,AN,1.503231,1.238049,1000,adam --65817.78379058838 seconds
9,5,tanh,SW,1.683840,1.377160,1000,adam --66076.93233156204 seconds
9,6,tanh,AN,1.506765,1.245126,1000,adam --66287.41832733154 seconds
9,6,tanh,SW,1.676234,1.370897,1000,adam --66543.75698065758 seconds
9,7,tanh,AN,1.517432,1.245778,1000,adam --66760.75958800316 seconds
9,7,tanh,SW,1.671161,1.363724,1000,adam --67019.05899834633 seconds
9,8,tanh,AN,1.510209,1.237659,1000,adam --67234.76468276978 seconds
9,8,tanh,SW,1.661070,1.352351,1000,adam --67493.36955189705 seconds
9,9,tanh,AN,1.513960,1.229588,1000,adam --67712.2507390976 seconds
9,9,tanh,SW,1.688383,1.379877,1000,adam --67972.69455552101 seconds
9,10,tanh,AN,1.512977,1.229062,1000,adam --68197.90354681015 seconds
9,10,tanh,SW,1.707334,1.394782,1000,adam --68458.77612805367 seconds
9,11,tanh,AN,1.541206,1.241712,1000,adam --68681.48838925362 seconds
9,11,tanh,SW,1.674130,1.364554,1000,adam --68943.12480306625 seconds
9,12,tanh,AN,1.522815,1.234967,1000,adam --69168.77780413628 seconds
9,12,tanh,SW,1.701802,1.390081,1000,adam --69432.41118192673 seconds
9,13,tanh,AN,1.526943,1.232237,1000,adam --69659.91765928268 seconds
9,13,tanh,SW,1.664861,1.356602,1000,adam --69925.70313215256 seconds
9,14,tanh,AN,1.526462,1.232920,1000,adam --70155.78497862816 seconds
9,14,tanh,SW,1.676489,1.367694,1000,adam --70423.85925483704 seconds
9,15,tanh,AN,1.536166,1.246232,1000,adam --70655.40534877777 seconds
9,15,tanh,SW,1.680108,1.370195,1000,adam --70924.5277121067 seconds
9,16,tanh,AN,1.527848,1.231707,1000,adam --71158.78639292717 seconds
9,16,tanh,SW,1.685726,1.374392,1000,adam --71427.93515944481 seconds
9,17,tanh,AN,1.543007,1.245066,1000,adam --71664.40746092796 seconds
9,17,tanh,SW,1.672211,1.364218,1000,adam --71936.18141961098 seconds
9,18,tanh,AN,1.543308,1.260052,1000,adam --72173.3958439827 seconds
9,18,tanh,SW,1.682918,1.371151,1000,adam --72444.88103294373 seconds
9,19,tanh,AN,1.536892,1.250470,1000,adam --72684.00576257706 seconds
9,19,tanh,SW,1.670105,1.358713,1000,adam --72956.16521453857 seconds
9,20,tanh,AN,1.539069,1.239922,1000,adam --73194.60471105576 seconds
9,20,tanh,SW,1.688733,1.376424,1000,adam --73466.8444018364 seconds
9,21,tanh,AN,1.542202,1.247601,1000,adam --73706.1335785389 seconds
9,21,tanh,SW,1.677713,1.365651,1000,adam --73979.68779587746 seconds
9,22,tanh,AN,1.558028,1.258215,1000,adam --74219.69319868088 seconds
9,22,tanh,SW,1.676482,1.365607,1000,adam --74494.14177131653 seconds
9,23,tanh,AN,1.569065,1.276496,1000,adam --74734.80093836784 seconds
9,23,tanh,SW,1.670718,1.359442,1000,adam --75003.81101846695 seconds
9,24,tanh,AN,1.549143,1.244957,1000,adam --75247.75191569328 seconds
9,24,tanh,SW,1.669139,1.359240,1000,adam --75524.2094168663 seconds
9,25,tanh,AN,1.546967,1.239605,1000,adam --75769.76104331017 seconds
9,25,tanh,SW,1.689815,1.376853,1000,adam --76046.596534729 seconds
9,26,tanh,AN,1.573465,1.275985,1000,adam --76292.63521194458 seconds
9,26,tanh,SW,1.710172,1.397416,1000,adam --76571.65721940994 seconds
9,27,tanh,AN,1.569990,1.275221,1000,adam --76819.62389397621 seconds
9,27,tanh,SW,1.664524,1.354436,1000,adam --77098.29676604271 seconds
9,28,tanh,AN,1.561604,1.261549,1000,adam --77340.02188324928 seconds
9,28,tanh,SW,1.680629,1.369940,1000,adam --77621.61968755722 seconds
9,29,tanh,AN,1.557336,1.246278,1000,adam --77867.2979195118 seconds
9,29,tanh,SW,1.676898,1.364831,1000,adam --78147.75036406517 seconds
10,2,tanh,AN,1.473423,1.227860,1000,adam --78360.67544388771 seconds
10,2,tanh,SW,1.680268,1.371170,1000,adam --78642.14084005356 seconds
10,3,tanh,AN,1.507731,1.227381,1000,adam --78860.4112598896 seconds
10,3,tanh,SW,1.692134,1.381204,1000,adam --79146.04107236862 seconds
10,4,tanh,AN,1.502922,1.237715,1000,adam --79365.14221024513 seconds
10,4,tanh,SW,1.666775,1.358171,1000,adam --79652.66942644119 seconds
10,5,tanh,AN,1.501880,1.230607,1000,adam --79880.18017840385 seconds
10,5,tanh,SW,1.684558,1.372778,1000,adam --80170.69720935822 seconds
10,6,tanh,AN,1.502769,1.238689,1000,adam --80402.06148147583 seconds
10,6,tanh,SW,1.671290,1.361578,1000,adam --80696.37957382202 seconds
10,7,tanh,AN,1.500639,1.229923,1000,adam --80932.63065958023 seconds
10,7,tanh,SW,1.679511,1.364760,1000,adam --81225.3151409626 seconds
10,8,tanh,AN,1.515519,1.245428,1000,adam --81469.01565623283 seconds
10,8,tanh,SW,1.692095,1.375925,1000,adam --81764.78697776794 seconds
10,9,tanh,AN,1.513136,1.227604,1000,adam --82005.52336192131 seconds
10,9,tanh,SW,1.663281,1.349784,1000,adam --82303.22715449333 seconds
10,10,tanh,AN,1.512776,1.224169,1000,adam --82554.33614778519 seconds
10,10,tanh,SW,1.673486,1.361033,1000,adam --82850.35133123398 seconds
10,11,tanh,AN,1.522817,1.226765,1000,adam --83101.55225944519 seconds
10,11,tanh,SW,1.708194,1.392283,1000,adam --83400.72273397446 seconds
10,12,tanh,AN,1.535248,1.242872,1000,adam --83654.02302622795 seconds
10,12,tanh,SW,1.672533,1.360538,1000,adam --83953.45748400688 seconds
10,13,tanh,AN,1.523656,1.230810,1000,adam --84209.20813035965 seconds
10,13,tanh,SW,1.691392,1.378059,1000,adam --84511.43169927597 seconds
10,14,tanh,AN,1.526995,1.237417,1000,adam --84771.03797054291 seconds
10,14,tanh,SW,1.674833,1.362661,1000,adam --85072.3243367672 seconds
10,15,tanh,AN,1.533099,1.240718,1000,adam --85332.31019377708 seconds
10,15,tanh,SW,1.678310,1.365547,1000,adam --85634.61959576607 seconds
10,16,tanh,AN,1.530705,1.250112,1000,adam --85895.8898794651 seconds
10,16,tanh,SW,1.677479,1.366144,1000,adam --86199.23834776878 seconds
10,17,tanh,AN,1.542504,1.256820,1000,adam --86463.86275982857 seconds
10,17,tanh,SW,1.667813,1.352001,1000,adam --86766.71367716789 seconds
10,18,tanh,AN,1.535271,1.247591,1000,adam --87030.57883763313 seconds
10,18,tanh,SW,1.689891,1.373948,1000,adam --87333.94413852692 seconds
10,19,tanh,AN,1.552220,1.273881,1000,adam --87597.49302387238 seconds
10,19,tanh,SW,1.685703,1.370071,1000,adam --87899.0034353733 seconds
10,20,tanh,AN,1.548898,1.248523,1000,adam --88162.43576073647 seconds
10,20,tanh,SW,1.685485,1.369725,1000,adam --88462.7634961605 seconds
10,21,tanh,AN,1.543657,1.240247,1000,adam --88727.20707535744 seconds
10,21,tanh,SW,1.684889,1.367830,1000,adam --89029.4161939621 seconds
10,22,tanh,AN,1.547478,1.251470,1000,adam --89297.71579766273 seconds
10,22,tanh,SW,1.677968,1.363014,1000,adam --89601.76346111298 seconds
10,23,tanh,AN,1.568906,1.261459,1000,adam --89868.03126049042 seconds
10,23,tanh,SW,1.681872,1.365819,1000,adam --90172.98196482658 seconds
10,24,tanh,AN,1.542774,1.240119,1000,adam --90440.43906021118 seconds
10,24,tanh,SW,1.666563,1.353471,1000,adam --90745.15388441086 seconds
10,25,tanh,AN,1.548443,1.254706,1000,adam --91014.17499399185 seconds
10,25,tanh,SW,1.679527,1.365448,1000,adam --91323.42846107483 seconds
10,26,tanh,AN,1.558894,1.257353,1000,adam --91584.55128884315 seconds
10,26,tanh,SW,1.674655,1.359479,1000,adam --91892.25878286362 seconds
10,27,tanh,AN,1.562101,1.257390,1000,adam --92165.70485568047 seconds
10,27,tanh,SW,1.677002,1.362132,1000,adam --92483.75551080704 seconds
10,28,tanh,AN,1.559278,1.261753,1000,adam --92763.75949573517 seconds
10,28,tanh,SW,1.687276,1.371001,1000,adam --93079.95209169388 seconds
10,29,tanh,AN,1.556576,1.248002,1000,adam --93357.77041053772 seconds
10,29,tanh,SW,1.665549,1.350552,1000,adam --93675.75081706047 seconds
11,2,tanh,AN,1.475273,1.236434,1000,adam --93909.56119608879 seconds
11,2,tanh,SW,1.687661,1.371350,1000,adam --94226.37165927887 seconds
11,3,tanh,AN,1.499183,1.233013,1000,adam --94468.90733075142 seconds
11,3,tanh,SW,1.689148,1.371673,1000,adam --94777.73750400543 seconds
11,4,tanh,AN,1.493460,1.229145,1000,adam --95023.53218150139 seconds
11,4,tanh,SW,1.672406,1.355746,1000,adam --95340.42229938507 seconds
11,5,tanh,AN,1.502717,1.237512,1000,adam --95594.45420527458 seconds
11,5,tanh,SW,1.710507,1.393468,1000,adam --95917.71159720421 seconds
11,6,tanh,AN,1.511574,1.244701,1000,adam --96173.96652579308 seconds
11,6,tanh,SW,1.684907,1.364730,1000,adam --96487.31970763206 seconds
11,7,tanh,AN,1.515242,1.239093,1000,adam --96745.62078285217 seconds
11,7,tanh,SW,1.689044,1.367054,1000,adam --97068.91815972328 seconds
11,8,tanh,AN,1.501998,1.222921,1000,adam --97331.04234933853 seconds
11,8,tanh,SW,1.673527,1.354327,1000,adam --97656.58223342896 seconds
11,9,tanh,AN,1.523835,1.232340,1000,adam --97916.49693965912 seconds
11,9,tanh,SW,1.681484,1.361703,1000,adam --98229.66952562332 seconds
11,10,tanh,AN,1.526292,1.241805,1000,adam --98502.75249218941 seconds
11,10,tanh,SW,1.715026,1.393313,1000,adam --98828.36809420586 seconds
11,11,tanh,AN,1.525706,1.243496,1000,adam --99102.27594852448 seconds
11,11,tanh,SW,1.686348,1.367564,1000,adam --99430.36083269119 seconds
11,12,tanh,AN,1.533597,1.237890,1000,adam --99709.53110337257 seconds
11,12,tanh,SW,1.705748,1.387055,1000,adam --100038.13783168793 seconds
11,13,tanh,AN,1.536686,1.247041,1000,adam --100316.53863143921 seconds
11,13,tanh,SW,1.682237,1.362766,1000,adam --100645.00289416313 seconds
11,14,tanh,AN,1.541251,1.267958,1000,adam --100926.70588874817 seconds
11,14,tanh,SW,1.674393,1.357982,1000,adam --101255.51626944542 seconds
11,15,tanh,AN,1.532144,1.251689,1000,adam --101531.06749677658 seconds
11,15,tanh,SW,1.701759,1.381504,1000,adam --101859.8408973217 seconds
11,16,tanh,AN,1.528618,1.237962,1000,adam --102136.78860020638 seconds
11,16,tanh,SW,1.651108,1.331461,1000,adam --102466.60034894943 seconds
11,17,tanh,AN,1.531613,1.243731,1000,adam --102751.5797188282 seconds
11,17,tanh,SW,1.681749,1.365426,1000,adam --103082.3050107956 seconds
11,18,tanh,AN,1.540919,1.257060,1000,adam --103367.80007791519 seconds
11,18,tanh,SW,1.663957,1.344246,1000,adam --103698.8665342331 seconds
11,19,tanh,AN,1.547681,1.252580,1000,adam --103986.37765669823 seconds
11,19,tanh,SW,1.690025,1.370281,1000,adam --104316.40295696259 seconds
11,20,tanh,AN,1.554940,1.248326,1000,adam --104606.56745886803 seconds
11,20,tanh,SW,1.672300,1.353196,1000,adam --104936.44709396362 seconds
11,21,tanh,AN,1.544202,1.241629,1000,adam --105224.92804026604 seconds
11,21,tanh,SW,1.705582,1.382445,1000,adam --105558.07797145844 seconds
11,22,tanh,AN,1.567700,1.264159,1000,adam --105846.64689612389 seconds
11,22,tanh,SW,1.663422,1.345028,1000,adam --106180.20764923096 seconds
11,23,tanh,AN,1.539474,1.240889,1000,adam --106469.73319029808 seconds
11,23,tanh,SW,1.681564,1.361955,1000,adam --106804.72565317154 seconds
11,24,tanh,AN,1.556158,1.259179,1000,adam --107093.06986689568 seconds
11,24,tanh,SW,1.659884,1.338456,1000,adam --107426.74828505516 seconds
11,25,tanh,AN,1.569749,1.271009,1000,adam --107721.03503870964 seconds
11,25,tanh,SW,1.664141,1.345303,1000,adam --108057.73361158371 seconds
11,26,tanh,AN,1.566460,1.246905,1000,adam --108353.71524310112 seconds
11,26,tanh,SW,1.685035,1.363058,1000,adam --108682.00444722176 seconds
11,27,tanh,AN,1.566830,1.248189,1000,adam --108967.74155163765 seconds
11,27,tanh,SW,1.669354,1.349225,1000,adam --109302.79122447968 seconds
11,28,tanh,AN,1.552957,1.239772,1000,adam --109596.49727773666 seconds
11,28,tanh,SW,1.677197,1.355462,1000,adam --109934.37848162651 seconds
11,29,tanh,AN,1.565945,1.257794,1000,adam --110231.60007119179 seconds
11,29,tanh,SW,1.662518,1.342757,1000,adam --110571.82788562775 seconds
12,2,tanh,AN,1.528205,1.258704,1000,adam --110824.74391889572 seconds
12,2,tanh,SW,1.670978,1.354705,1000,adam --111166.03819799423 seconds
12,3,tanh,AN,1.513492,1.236143,1000,adam --111428.89775633812 seconds
12,3,tanh,SW,1.668840,1.353589,1000,adam --111772.94535279274 seconds
12,4,tanh,AN,1.505240,1.235295,1000,adam --112040.62777352333 seconds
12,4,tanh,SW,1.659639,1.344731,1000,adam --112378.99760079384 seconds
12,5,tanh,AN,1.500122,1.224301,1000,adam --112650.6399371624 seconds
12,5,tanh,SW,1.676865,1.356920,1000,adam --113000.7159075737 seconds
12,6,tanh,AN,1.503263,1.221702,1000,adam --113277.03877973557 seconds
12,6,tanh,SW,1.711866,1.388095,1000,adam --113624.90682268143 seconds
12,7,tanh,AN,1.496733,1.226480,1000,adam --113908.32456350327 seconds
12,7,tanh,SW,1.653229,1.335429,1000,adam --114260.71180176735 seconds
12,8,tanh,AN,1.516098,1.231524,1000,adam --114543.266497612 seconds
12,8,tanh,SW,1.657631,1.340162,1000,adam --114896.43871212006 seconds
12,9,tanh,AN,1.538876,1.260755,1000,adam --115191.24941086769 seconds
12,9,tanh,SW,1.678052,1.357649,1000,adam --115546.07834672928 seconds
12,10,tanh,AN,1.518890,1.218519,1000,adam --115840.80877161026 seconds
12,10,tanh,SW,1.670830,1.354791,1000,adam --116193.85056114197 seconds
12,11,tanh,AN,1.525192,1.234653,1000,adam --116491.25047826767 seconds
12,11,tanh,SW,1.689152,1.371047,1000,adam --116848.03288125992 seconds
12,12,tanh,AN,1.544332,1.239995,1000,adam --117147.60285902023 seconds
12,12,tanh,SW,1.681237,1.358729,1000,adam --117502.82060146332 seconds
12,13,tanh,AN,1.537467,1.254282,1000,adam --117803.94223999977 seconds
12,13,tanh,SW,1.658988,1.341226,1000,adam --118160.4962618351 seconds
12,14,tanh,AN,1.520602,1.234504,1000,adam --118463.11283230782 seconds
12,14,tanh,SW,1.695876,1.373308,1000,adam --118820.68934869766 seconds
12,15,tanh,AN,1.526919,1.232811,1000,adam --119125.8691830635 seconds
12,15,tanh,SW,1.664952,1.347566,1000,adam --119487.72315716743 seconds
12,16,tanh,AN,1.536643,1.235143,1000,adam --119795.40673589706 seconds
12,16,tanh,SW,1.680627,1.357495,1000,adam --120142.86833000183 seconds
12,17,tanh,AN,1.541611,1.239098,1000,adam --120452.0798830986 seconds
12,17,tanh,SW,1.672052,1.351065,1000,adam --120817.52928566933 seconds
12,18,tanh,AN,1.533334,1.234258,1000,adam --121132.06437563896 seconds
12,18,tanh,SW,1.685776,1.366353,1000,adam --121495.33973169327 seconds
12,19,tanh,AN,1.534503,1.237685,1000,adam --121805.40070772171 seconds
12,19,tanh,SW,1.658639,1.340579,1000,adam --122172.04225063324 seconds
12,20,tanh,AN,1.552003,1.256976,1000,adam --122490.21574115753 seconds
12,20,tanh,SW,1.676838,1.355044,1000,adam --122854.95155191422 seconds
12,21,tanh,AN,1.573653,1.265743,1000,adam --123168.61988162994 seconds
12,21,tanh,SW,1.665686,1.346962,1000,adam --123537.0417842865 seconds
12,22,tanh,AN,1.568572,1.259141,1000,adam --123852.20166110992 seconds
12,22,tanh,SW,1.677720,1.356384,1000,adam --124223.51054525375 seconds
12,23,tanh,AN,1.604262,1.310286,1000,adam --124542.18624711037 seconds
12,23,tanh,SW,1.678780,1.356470,1000,adam --124912.96041536331 seconds
12,24,tanh,AN,1.546918,1.242005,1000,adam --125231.24019646645 seconds
12,24,tanh,SW,1.692267,1.369411,1000,adam --125600.95336842537 seconds
12,25,tanh,AN,1.573384,1.274807,1000,adam --125923.51045060158 seconds
12,25,tanh,SW,1.682093,1.360911,1000,adam --126298.4277741909 seconds
12,26,tanh,AN,1.592678,1.290702,1000,adam --126625.4883146286 seconds
12,26,tanh,SW,1.685518,1.361608,1000,adam --127000.14455294609 seconds
12,27,tanh,AN,1.548643,1.233271,1000,adam --127322.88036179543 seconds
12,27,tanh,SW,1.686981,1.363794,1000,adam --127699.14899134636 seconds
12,28,tanh,AN,1.563484,1.255790,1000,adam --128026.29753065109 seconds
12,28,tanh,SW,1.703684,1.378210,1000,adam --128391.9468870163 seconds
12,29,tanh,AN,1.555121,1.244858,1000,adam --128722.63642811775 seconds
12,29,tanh,SW,1.664708,1.344279,1000,adam --129099.83331298828 seconds
13,2,tanh,AN,1.477583,1.231841,1000,adam --129379.8825571537 seconds
13,2,tanh,SW,1.664680,1.351301,1000,adam --129755.20727396011 seconds
13,3,tanh,AN,1.499592,1.228413,1000,adam --130047.28739571571 seconds
13,3,tanh,SW,1.668181,1.351782,1000,adam --130426.49357247353 seconds
13,4,tanh,AN,1.489773,1.220153,1000,adam --130718.28410840034 seconds
13,4,tanh,SW,1.688756,1.367000,1000,adam --131096.77743959427 seconds
13,5,tanh,AN,1.502311,1.248644,1000,adam --131398.45388555527 seconds
13,5,tanh,SW,1.673284,1.354759,1000,adam --131779.10787796974 seconds
13,6,tanh,AN,1.489912,1.220223,1000,adam --132081.07899069786 seconds
13,6,tanh,SW,1.678161,1.357833,1000,adam --132452.03377890587 seconds
13,7,tanh,AN,1.503753,1.217564,1000,adam --132761.4592280388 seconds
13,7,tanh,SW,1.673705,1.355326,1000,adam --133143.30243182182 seconds
13,8,tanh,AN,1.521139,1.230518,1000,adam --133450.8899292946 seconds
13,8,tanh,SW,1.686756,1.368098,1000,adam --133836.01253414154 seconds
13,9,tanh,AN,1.508200,1.220462,1000,adam --134150.62623023987 seconds
13,9,tanh,SW,1.691492,1.371718,1000,adam --134540.4443104267 seconds
13,10,tanh,AN,1.520512,1.229963,1000,adam --134862.41981625557 seconds
13,10,tanh,SW,1.667047,1.345479,1000,adam --135248.5450618267 seconds
13,11,tanh,AN,1.533515,1.233029,1000,adam --135574.97684311867 seconds
13,11,tanh,SW,1.674000,1.356415,1000,adam --135960.6622993946 seconds
13,12,tanh,AN,1.532549,1.235066,1000,adam --136276.3980975151 seconds
13,12,tanh,SW,1.666132,1.349105,1000,adam --136672.21275639534 seconds
13,13,tanh,AN,1.529848,1.245772,1000,adam --137004.91360759735 seconds
13,13,tanh,SW,1.671412,1.352396,1000,adam --137393.97603487968 seconds
13,14,tanh,AN,1.536049,1.236981,1000,adam --137728.01522135735 seconds
13,14,tanh,SW,1.656791,1.336925,1000,adam --138112.69478821754 seconds
13,15,tanh,AN,1.534409,1.237859,1000,adam --138446.24676704407 seconds
13,15,tanh,SW,1.681228,1.358211,1000,adam --138835.8971374035 seconds
13,16,tanh,AN,1.548914,1.238554,1000,adam --139169.5097899437 seconds
13,16,tanh,SW,1.659464,1.338242,1000,adam --139563.8771762848 seconds
13,17,tanh,AN,1.548703,1.248925,1000,adam --139900.44834375381 seconds
13,17,tanh,SW,1.678585,1.356448,1000,adam --140301.3953692913 seconds
13,18,tanh,AN,1.543224,1.254521,1000,adam --140642.3982820511 seconds
13,18,tanh,SW,1.702636,1.378230,1000,adam --141042.7650601864 seconds
13,19,tanh,AN,1.564361,1.265894,1000,adam --141384.06640076637 seconds
13,19,tanh,SW,1.693193,1.371361,1000,adam --141788.0494298935 seconds
13,20,tanh,AN,1.542360,1.236739,1000,adam --142138.9909350872 seconds
13,20,tanh,SW,1.657207,1.336464,1000,adam --142546.69405531883 seconds
13,21,tanh,AN,1.559947,1.250537,1000,adam --142895.12094593048 seconds
13,21,tanh,SW,1.682734,1.358142,1000,adam --143300.31170153618 seconds
13,22,tanh,AN,1.607751,1.283899,1000,adam --143649.97089529037 seconds
13,22,tanh,SW,1.670544,1.347755,1000,adam --144055.43760061264 seconds
13,23,tanh,AN,1.545918,1.240082,1000,adam --144406.46647310257 seconds
13,23,tanh,SW,1.684020,1.361972,1000,adam --144807.82622885704 seconds
13,24,tanh,AN,1.542855,1.238489,1000,adam --145160.9043507576 seconds
13,24,tanh,SW,1.662124,1.344493,1000,adam --145569.31384038925 seconds
13,25,tanh,AN,1.559907,1.248209,1000,adam --145923.6145989895 seconds
13,25,tanh,SW,1.674029,1.353799,1000,adam --146329.55352210999 seconds
13,26,tanh,AN,1.546037,1.232894,1000,adam --146681.6552321911 seconds
13,26,tanh,SW,1.690877,1.368728,1000,adam --147091.4800620079 seconds
13,27,tanh,AN,1.543913,1.235932,1000,adam --147448.21064567566 seconds
13,27,tanh,SW,1.682267,1.358782,1000,adam --147838.53352975845 seconds
13,28,tanh,AN,1.549648,1.241374,1000,adam --148195.40085983276 seconds
13,28,tanh,SW,1.681042,1.360178,1000,adam --148611.6599266529 seconds
13,29,tanh,AN,1.564080,1.260471,1000,adam --148968.16204833984 seconds
13,29,tanh,SW,1.677360,1.353321,1000,adam --149359.89589834213 seconds
14,2,tanh,AN,1.490666,1.229052,1000,adam --149667.7920975685 seconds
14,2,tanh,SW,1.658368,1.341838,1000,adam --150081.8555777073 seconds
14,3,tanh,AN,1.486782,1.231706,1000,adam --150398.37472701073 seconds
14,3,tanh,SW,1.667413,1.350599,1000,adam --150813.20338320732 seconds
14,4,tanh,AN,1.484180,1.224724,1000,adam --151137.34517526627 seconds
14,4,tanh,SW,1.668829,1.349335,1000,adam --151555.33610534668 seconds
14,5,tanh,AN,1.494187,1.236171,1000,adam --151884.91394495964 seconds
14,5,tanh,SW,1.680349,1.359876,1000,adam --152308.40407252312 seconds
14,6,tanh,AN,1.489977,1.216036,1000,adam --152641.42989897728 seconds
14,6,tanh,SW,1.643442,1.327572,1000,adam --153066.70842719078 seconds
14,7,tanh,AN,1.507502,1.231678,1000,adam --153408.60246682167 seconds
14,7,tanh,SW,1.680396,1.360397,1000,adam --153840.02159786224 seconds
14,8,tanh,AN,1.513445,1.230219,1000,adam --154189.56030654907 seconds
14,8,tanh,SW,1.675038,1.360328,1000,adam --154616.40572214127 seconds
14,9,tanh,AN,1.527921,1.241421,1000,adam --154969.95209121704 seconds
14,9,tanh,SW,1.655218,1.340653,1000,adam --155403.23407387733 seconds
14,10,tanh,AN,1.525999,1.243208,1000,adam --155758.4635334015 seconds
14,10,tanh,SW,1.667223,1.352069,1000,adam --156196.2528040409 seconds
14,11,tanh,AN,1.512114,1.234725,1000,adam --156558.64722514153 seconds
14,11,tanh,SW,1.676065,1.359551,1000,adam --156998.20122599602 seconds
14,12,tanh,AN,1.529130,1.258354,1000,adam --157367.2581706047 seconds
14,12,tanh,SW,1.650704,1.336340,1000,adam --157807.81333255768 seconds
14,13,tanh,AN,1.549082,1.278461,1000,adam --158172.45585393906 seconds
14,13,tanh,SW,1.658265,1.339000,1000,adam --158613.937823534 seconds
14,14,tanh,AN,1.546731,1.271807,1000,adam --158985.7119488716 seconds
14,14,tanh,SW,1.692047,1.369915,1000,adam --159448.56569242477 seconds
14,15,tanh,AN,1.538056,1.244431,1000,adam --159823.2344636917 seconds
14,15,tanh,SW,1.676561,1.357673,1000,adam --160263.9123251438 seconds
14,16,tanh,AN,1.534564,1.226899,1000,adam --160637.92762351036 seconds
14,16,tanh,SW,1.661201,1.342043,1000,adam --161080.3520834446 seconds
14,17,tanh,AN,1.537225,1.239604,1000,adam --161457.67581892014 seconds
14,17,tanh,SW,1.690154,1.367855,1000,adam --161900.11856102943 seconds
14,18,tanh,AN,1.541772,1.247165,1000,adam --162277.6299650669 seconds
14,18,tanh,SW,1.678048,1.357754,1000,adam --162718.9149529934 seconds
14,19,tanh,AN,1.542010,1.240218,1000,adam --163098.6012916565 seconds
14,19,tanh,SW,1.659812,1.341814,1000,adam --163547.20018410683 seconds
14,20,tanh,AN,1.543272,1.240341,1000,adam --163928.5789425373 seconds
14,20,tanh,SW,1.664936,1.343949,1000,adam --164373.32865595818 seconds
14,21,tanh,AN,1.546486,1.238044,1000,adam --164757.9996125698 seconds
14,21,tanh,SW,1.684060,1.363602,1000,adam --165202.63909602165 seconds
14,22,tanh,AN,1.551868,1.260466,1000,adam --165589.68878102303 seconds
14,22,tanh,SW,1.696245,1.371914,1000,adam --166038.2358059883 seconds
14,23,tanh,AN,1.559218,1.246301,1000,adam --166427.42240142822 seconds
14,23,tanh,SW,1.698786,1.375408,1000,adam --166883.26797437668 seconds
14,24,tanh,AN,1.553117,1.254057,1000,adam --167277.54978728294 seconds
14,24,tanh,SW,1.677528,1.355753,1000,adam --167730.5256998539 seconds
14,25,tanh,AN,1.553710,1.246391,1000,adam --168130.88701415062 seconds
14,25,tanh,SW,1.655433,1.336826,1000,adam --168591.9611389637 seconds
14,26,tanh,AN,1.565743,1.261613,1000,adam --168992.2043888569 seconds
14,26,tanh,SW,1.659337,1.338563,1000,adam --169449.7749285698 seconds
14,27,tanh,AN,1.551944,1.247282,1000,adam --169853.45310020447 seconds
14,27,tanh,SW,1.703319,1.379357,1000,adam --170319.6240143776 seconds
14,28,tanh,AN,1.546276,1.233864,1000,adam --170719.13832187653 seconds
14,28,tanh,SW,1.669633,1.347014,1000,adam --171187.30866003036 seconds
14,29,tanh,AN,1.563773,1.257526,1000,adam --171591.13402676582 seconds
14,29,tanh,SW,1.707756,1.381980,1000,adam --172058.53407883644 seconds
15,2,tanh,AN,1.486249,1.244454,1000,adam --172401.14671730995 seconds
15,2,tanh,SW,1.657091,1.339396,1000,adam --172870.41066122055 seconds
15,3,tanh,AN,1.486944,1.234825,1000,adam --173228.63014435768 seconds
15,3,tanh,SW,1.665864,1.346671,1000,adam --173697.71379947662 seconds
15,4,tanh,AN,1.500024,1.238758,1000,adam --174057.86096715927 seconds
15,4,tanh,SW,1.675418,1.354035,1000,adam --174524.61410737038 seconds
15,5,tanh,AN,1.493260,1.244295,1000,adam --174891.03438043594 seconds
15,5,tanh,SW,1.687855,1.365927,1000,adam --175360.9764430523 seconds
15,6,tanh,AN,1.492855,1.232261,1000,adam --175732.8707973957 seconds
15,6,tanh,SW,1.651223,1.333888,1000,adam --176203.6397087574 seconds
15,7,tanh,AN,1.514737,1.242393,1000,adam --176576.86224889755 seconds
15,7,tanh,SW,1.665289,1.347163,1000,adam --177046.48386216164 seconds
15,8,tanh,AN,1.518905,1.234323,1000,adam --177421.87188243866 seconds
15,8,tanh,SW,1.673032,1.353182,1000,adam --177898.23157715797 seconds
15,9,tanh,AN,1.524667,1.239840,1000,adam --178276.30640912056 seconds
15,9,tanh,SW,1.691964,1.370524,1000,adam --178750.66044330597 seconds
15,10,tanh,AN,1.512470,1.237432,1000,adam --179112.4274647236 seconds
15,10,tanh,SW,1.680802,1.360923,1000,adam --179555.13843226433 seconds
15,11,tanh,AN,1.518932,1.251361,1000,adam --179946.55747270584 seconds
15,11,tanh,SW,1.676384,1.357485,1000,adam --180423.62955236435 seconds
15,12,tanh,AN,1.524706,1.248581,1000,adam --180819.56108164787 seconds
15,12,tanh,SW,1.681370,1.358044,1000,adam --181293.733607769 seconds
15,13,tanh,AN,1.522906,1.244557,1000,adam --181693.80316472054 seconds
15,13,tanh,SW,1.669706,1.348944,1000,adam --182182.59790325165 seconds
15,14,tanh,AN,1.536748,1.266769,1000,adam --182585.61843419075 seconds
15,14,tanh,SW,1.669664,1.350837,1000,adam --183063.42096495628 seconds
15,15,tanh,AN,1.538595,1.249913,1000,adam --183469.19997930527 seconds
15,15,tanh,SW,1.680201,1.358561,1000,adam --183946.98893761635 seconds
15,16,tanh,AN,1.531694,1.237749,1000,adam --184356.3266878128 seconds
15,16,tanh,SW,1.688512,1.365567,1000,adam --184842.0720524788 seconds
15,17,tanh,AN,1.543273,1.231137,1000,adam --185252.7781870365 seconds
15,17,tanh,SW,1.680806,1.358036,1000,adam --185743.8420393467 seconds
15,18,tanh,AN,1.557893,1.246838,1000,adam --186162.0145456791 seconds
15,18,tanh,SW,1.664418,1.342408,1000,adam --186651.60584497452 seconds
15,19,tanh,AN,1.549942,1.249120,1000,adam --187071.65708613396 seconds
15,19,tanh,SW,1.643409,1.322785,1000,adam --187563.6007859707 seconds
15,20,tanh,AN,1.559721,1.249853,1000,adam --187986.5013923645 seconds
15,20,tanh,SW,1.678887,1.357292,1000,adam --188480.5525574684 seconds
15,21,tanh,AN,1.539501,1.232219,1000,adam --188902.4358932972 seconds
15,21,tanh,SW,1.662185,1.341128,1000,adam --189405.76387000084 seconds
15,22,tanh,AN,1.540162,1.239549,1000,adam --189832.91310024261 seconds
15,22,tanh,SW,1.659790,1.341327,1000,adam --190332.50613188744 seconds
15,23,tanh,AN,1.584658,1.300282,1000,adam --190760.6667907238 seconds
15,23,tanh,SW,1.694568,1.370822,1000,adam --191262.9964492321 seconds
15,24,tanh,AN,1.547660,1.240139,1000,adam --191694.269947052 seconds
15,24,tanh,SW,1.697803,1.372133,1000,adam --192196.4409224987 seconds
15,25,tanh,AN,1.570824,1.287786,1000,adam --192626.84024310112 seconds
15,25,tanh,SW,1.681612,1.359245,1000,adam --193133.7622601986 seconds
15,26,tanh,AN,1.573032,1.270739,1000,adam --193567.711663723 seconds
15,26,tanh,SW,1.653994,1.334700,1000,adam --194068.64979171753 seconds
15,27,tanh,AN,1.566355,1.249407,1000,adam --194501.50677108765 seconds
15,27,tanh,SW,1.675504,1.351591,1000,adam --195007.8908278942 seconds
15,28,tanh,AN,1.550301,1.235653,1000,adam --195443.05062317848 seconds
15,28,tanh,SW,1.664865,1.339924,1000,adam --195948.984947443 seconds
15,29,tanh,AN,1.571776,1.272915,1000,adam --196388.1380932331 seconds
15,29,tanh,SW,1.662294,1.339245,1000,adam --196892.86813688278 seconds