2,2,tanh,AN,26.152013,25.884902,1000,adam --273.684561252594 seconds
2,2,tanh,SW,48.823538,31.716556,1000,adam --686.5359938144684 seconds
2,3,tanh,AN,26.501634,26.402166,1000,adam --988.7463772296906 seconds
2,3,tanh,SW,48.691088,31.613393,1000,adam --1396.7743728160858 seconds
2,4,tanh,AN,26.876925,26.388681,1000,adam --1714.842606306076 seconds
2,4,tanh,SW,48.718450,31.634376,1000,adam --2126.0902931690216 seconds
2,5,tanh,AN,27.693630,26.863600,1000,adam --2456.753930568695 seconds
2,5,tanh,SW,48.892508,31.767236,1000,adam --2874.257591485977 seconds
2,6,tanh,AN,28.177760,26.840964,1000,adam --3213.0439229011536 seconds
2,6,tanh,SW,48.830532,31.723933,1000,adam --3633.698052883148 seconds
2,7,tanh,AN,28.499106,27.041225,1000,adam --3971.3646388053894 seconds
2,7,tanh,SW,48.763123,31.668301,1000,adam --4386.938140869141 seconds
2,8,tanh,AN,28.630832,27.159333,1000,adam --4731.116653203964 seconds
2,8,tanh,SW,48.736426,31.648022,1000,adam --5144.766195774078 seconds
2,9,tanh,AN,28.686879,27.287941,1000,adam --5491.312009334564 seconds
2,9,tanh,SW,48.942136,31.807278,1000,adam --5909.324445009232 seconds
2,10,tanh,AN,28.765695,27.419232,1000,adam --6258.764431715012 seconds
2,10,tanh,SW,48.912252,31.785490,1000,adam --6679.36039018631 seconds
2,11,tanh,AN,29.164088,27.525917,1000,adam --7033.075465917587 seconds
2,11,tanh,SW,48.972205,31.833396,1000,adam --7457.844139814377 seconds
2,12,tanh,AN,29.310222,27.714494,1000,adam --7820.399326324463 seconds
2,12,tanh,SW,48.891837,31.768413,1000,adam --8247.184653282166 seconds
2,13,tanh,AN,29.954674,27.730839,1000,adam --8612.458609342575 seconds
2,13,tanh,SW,48.738916,31.644664,1000,adam --9044.333954572678 seconds
2,14,tanh,AN,30.224122,27.953469,1000,adam --9412.730883598328 seconds
2,14,tanh,SW,48.758701,31.664404,1000,adam --9847.891077518463 seconds
2,15,tanh,AN,30.107341,27.808102,1000,adam --10225.599788427353 seconds
2,15,tanh,SW,48.725663,31.638731,1000,adam --10669.62482047081 seconds
2,16,tanh,AN,30.483671,27.794852,1000,adam --11050.335176229477 seconds
2,16,tanh,SW,48.734309,31.645372,1000,adam --11502.491387605667 seconds
2,17,tanh,AN,30.681942,27.877526,1000,adam --11885.001390695572 seconds
2,17,tanh,SW,48.946210,31.805446,1000,adam --12329.356579780579 seconds
2,18,tanh,AN,30.633102,27.824670,1000,adam --12713.686811208725 seconds
2,18,tanh,SW,48.860425,31.742331,1000,adam --13163.58702802658 seconds
2,19,tanh,AN,30.687749,27.939215,1000,adam --13569.552956819534 seconds
2,19,tanh,SW,48.815341,31.710897,1000,adam --14030.045920848846 seconds
2,20,tanh,AN,30.726067,27.915897,1000,adam --14418.569038391113 seconds
2,20,tanh,SW,48.822458,31.712786,1000,adam --14870.184084653854 seconds
2,21,tanh,AN,30.696500,27.901368,1000,adam --15261.962397098541 seconds
2,21,tanh,SW,48.829147,31.719742,1000,adam --15716.78597998619 seconds
2,22,tanh,AN,30.888654,28.047010,1000,adam --16111.265241622925 seconds
2,22,tanh,SW,48.784542,31.686105,1000,adam --16565.46743106842 seconds
2,23,tanh,AN,31.023737,28.240299,1000,adam --16963.812566518784 seconds
2,23,tanh,SW,49.085250,31.911607,1000,adam --17423.91730952263 seconds
2,24,tanh,AN,31.404001,28.455135,1000,adam --17824.477111816406 seconds
2,24,tanh,SW,49.073616,31.897575,1000,adam --18286.566796779633 seconds
2,25,tanh,AN,31.431982,28.207098,1000,adam --18688.95716023445 seconds
2,25,tanh,SW,48.779686,31.682235,1000,adam --19154.673790216446 seconds
2,26,tanh,AN,31.301388,28.086599,1000,adam --19559.603199481964 seconds
2,26,tanh,SW,49.072974,31.902760,1000,adam --20027.553484916687 seconds
2,27,tanh,AN,30.652503,28.506583,1000,adam --20435.304857969284 seconds
2,27,tanh,SW,48.766516,31.673060,1000,adam --20905.760641098022 seconds
2,28,tanh,AN,30.393900,28.170346,1000,adam --21318.17119026184 seconds
2,28,tanh,SW,48.942882,31.805972,1000,adam --21793.87975382805 seconds
2,29,tanh,AN,30.813129,28.220629,1000,adam --22208.79894065857 seconds
2,29,tanh,SW,49.071316,31.901258,1000,adam --22681.128465890884 seconds
3,2,tanh,AN,24.020373,25.199198,1000,adam --22985.65924692154 seconds
3,2,tanh,SW,48.927828,31.560879,1000,adam --23465.787529468536 seconds
3,3,tanh,AN,24.861662,25.629279,1000,adam --23805.910363435745 seconds
3,3,tanh,SW,49.155746,31.666544,1000,adam --24290.995571136475 seconds
3,4,tanh,AN,25.539708,26.034429,1000,adam --24651.404371976852 seconds
3,4,tanh,SW,49.354090,31.811732,1000,adam --25140.0312564373 seconds
3,5,tanh,AN,25.881731,26.305648,1000,adam --25513.110698461533 seconds
3,5,tanh,SW,48.949815,31.544370,1000,adam --26005.912412166595 seconds
3,6,tanh,AN,26.412690,26.397608,1000,adam --26390.254773139954 seconds
3,6,tanh,SW,48.986153,31.540439,1000,adam --26882.125744342804 seconds
3,7,tanh,AN,26.847165,26.610468,1000,adam --27272.89866232872 seconds
3,7,tanh,SW,49.019122,31.587239,1000,adam --27770.74306869507 seconds
3,8,tanh,AN,26.877414,26.687483,1000,adam --28169.777096748352 seconds
3,8,tanh,SW,49.050791,31.613206,1000,adam --28674.395208597183 seconds
3,9,tanh,AN,27.152361,26.880788,1000,adam --29080.175452709198 seconds
3,9,tanh,SW,48.936810,31.540407,1000,adam --29585.832463741302 seconds
3,10,tanh,AN,27.311362,27.091869,1000,adam --29998.751402139664 seconds
3,10,tanh,SW,49.120013,31.662650,1000,adam --30507.8557844162 seconds
3,11,tanh,AN,27.412318,27.051867,1000,adam --30924.948782920837 seconds
3,11,tanh,SW,49.055287,31.651236,1000,adam --31431.852078914642 seconds
3,12,tanh,AN,27.875106,27.422953,1000,adam --31853.821406841278 seconds
3,12,tanh,SW,49.027040,31.593313,1000,adam --32366.727030992508 seconds
3,13,tanh,AN,27.814838,27.355203,1000,adam --32793.378135204315 seconds
3,13,tanh,SW,48.813735,31.440489,1000,adam --33314.31094002724 seconds
3,14,tanh,AN,28.077726,27.589444,1000,adam --33748.38146853447 seconds
3,14,tanh,SW,49.079289,31.659318,1000,adam --34271.86119174957 seconds
3,15,tanh,AN,28.443287,27.842220,1000,adam --34709.512434244156 seconds
3,15,tanh,SW,48.942312,31.524495,1000,adam --35236.78016209602 seconds
3,16,tanh,AN,28.104437,27.411219,1000,adam --35678.5745036602 seconds
3,16,tanh,SW,49.120184,31.658499,1000,adam --36202.98119139671 seconds
3,17,tanh,AN,29.649437,27.536593,1000,adam --36650.325776815414 seconds
3,17,tanh,SW,48.972989,31.574867,1000,adam --37181.22371721268 seconds
3,18,tanh,AN,29.645053,27.370807,1000,adam --37630.324395895004 seconds
3,18,tanh,SW,49.242049,31.758549,1000,adam --38163.98909640312 seconds
3,19,tanh,AN,29.764035,27.383730,1000,adam --38617.36433315277 seconds
3,19,tanh,SW,48.992410,31.555239,1000,adam --39158.898728609085 seconds
3,20,tanh,AN,29.703497,27.416826,1000,adam --39616.490871191025 seconds
3,20,tanh,SW,49.351476,31.880052,1000,adam --40160.24579954147 seconds
3,21,tanh,AN,30.052945,27.716808,1000,adam --40621.90177965164 seconds
3,21,tanh,SW,49.371771,31.838913,1000,adam --41162.63318109512 seconds
3,22,tanh,AN,29.942155,27.489643,1000,adam --41632.63350367546 seconds
3,22,tanh,SW,49.123056,31.676267,1000,adam --42186.644026994705 seconds
3,23,tanh,AN,28.991396,27.909992,1000,adam --42663.01622748375 seconds
3,23,tanh,SW,49.105768,31.663229,1000,adam --43226.36072349548 seconds
3,24,tanh,AN,29.059169,27.725119,1000,adam --43706.29168343544 seconds
3,24,tanh,SW,49.148106,31.702001,1000,adam --44270.97872877121 seconds
3,25,tanh,AN,29.193656,27.826160,1000,adam --44751.884016275406 seconds
3,25,tanh,SW,49.309729,31.851244,1000,adam --45319.48902797699 seconds
3,26,tanh,AN,29.467457,28.108041,1000,adam --45803.91173195839 seconds
3,26,tanh,SW,49.044240,31.625640,1000,adam --46372.369834423065 seconds
3,27,tanh,AN,29.202774,27.615359,1000,adam --46858.48729753494 seconds
3,27,tanh,SW,49.033819,31.576976,1000,adam --47425.7397441864 seconds
3,28,tanh,AN,29.838661,28.216011,1000,adam --47915.3836183548 seconds
3,28,tanh,SW,48.975400,31.554705,1000,adam --48489.3473136425 seconds
3,29,tanh,AN,29.863931,28.001297,1000,adam --48985.75193691254 seconds
3,29,tanh,SW,48.957158,31.583575,1000,adam --49571.42184257507 seconds
4,2,tanh,AN,23.165787,24.779753,1000,adam --49936.19690346718 seconds
4,2,tanh,SW,49.072309,31.627572,1000,adam --50525.338200330734 seconds
4,3,tanh,AN,24.179942,25.329447,1000,adam --50927.02716946602 seconds
4,3,tanh,SW,48.994508,31.565547,1000,adam --51513.907860040665 seconds
4,4,tanh,AN,24.552889,25.893463,1000,adam --51936.36850762367 seconds
4,4,tanh,SW,49.391074,31.857151,1000,adam --52524.00620055199 seconds
4,5,tanh,AN,25.275022,25.976262,1000,adam --52959.41997337341 seconds
4,5,tanh,SW,49.066835,31.643895,1000,adam --53550.46362543106 seconds
4,6,tanh,AN,25.518183,25.972032,1000,adam --53995.4495882988 seconds
4,6,tanh,SW,49.236635,31.801241,1000,adam --54587.98252630234 seconds
4,7,tanh,AN,25.673405,26.099605,1000,adam --55042.355957984924 seconds
4,7,tanh,SW,49.234156,31.745456,1000,adam --55639.697882413864 seconds
4,8,tanh,AN,25.685628,26.291665,1000,adam --56102.14814257622 seconds
4,8,tanh,SW,49.121386,31.703487,1000,adam --56695.58331370354 seconds
4,9,tanh,AN,26.181649,26.564247,1000,adam --57165.77987074852 seconds
4,9,tanh,SW,49.079344,31.666206,1000,adam --57768.80399560928 seconds
4,10,tanh,AN,26.404811,26.928472,1000,adam --58245.763439416885 seconds
4,10,tanh,SW,48.933009,31.588351,1000,adam --58852.693477630615 seconds
4,11,tanh,AN,26.559733,27.162525,1000,adam --59335.40279006958 seconds
4,11,tanh,SW,48.783253,31.448221,1000,adam --59944.47277665138 seconds
4,12,tanh,AN,26.927393,27.199067,1000,adam --60433.041175842285 seconds
4,12,tanh,SW,49.107768,31.713873,1000,adam --61033.28749394417 seconds
4,13,tanh,AN,26.940531,27.114303,1000,adam --61525.22718977928 seconds
4,13,tanh,SW,49.175423,31.682454,1000,adam --62137.0578660965 seconds
4,14,tanh,AN,27.161452,27.307386,1000,adam --62632.868294239044 seconds
4,14,tanh,SW,48.904379,31.508528,1000,adam --63250.215767383575 seconds
4,15,tanh,AN,27.336547,27.258932,1000,adam --63753.425899744034 seconds
4,15,tanh,SW,49.020865,31.610935,1000,adam --64374.415340662 seconds
4,16,tanh,AN,28.763436,27.215897,1000,adam --64882.19345855713 seconds
4,16,tanh,SW,49.076404,31.646280,1000,adam --65508.50137615204 seconds
4,17,tanh,AN,28.758202,27.177998,1000,adam --66021.14696741104 seconds
4,17,tanh,SW,49.124520,31.723855,1000,adam --66637.644957304 seconds
4,18,tanh,AN,27.775474,27.239332,1000,adam --67156.66327762604 seconds
4,18,tanh,SW,49.054912,31.596058,1000,adam --67786.14367127419 seconds
4,19,tanh,AN,27.976069,27.393062,1000,adam --68305.75127744675 seconds
4,19,tanh,SW,49.240721,31.772108,1000,adam --68939.45166039467 seconds
4,20,tanh,AN,27.701268,27.178799,1000,adam --69465.3514304161 seconds
4,20,tanh,SW,48.912946,31.541762,1000,adam --70104.74861526489 seconds
4,21,tanh,AN,27.818998,27.231167,1000,adam --70636.29758787155 seconds
4,21,tanh,SW,49.037066,31.639922,1000,adam --71276.13825440407 seconds
4,22,tanh,AN,27.998663,27.322396,1000,adam --71812.68087244034 seconds
4,22,tanh,SW,49.063719,31.648974,1000,adam --72451.48674559593 seconds
4,23,tanh,AN,28.063698,27.220021,1000,adam --72993.09253191948 seconds
4,23,tanh,SW,49.051685,31.624053,1000,adam --73645.05197143555 seconds
4,24,tanh,AN,28.293742,27.532057,1000,adam --74186.99528622627 seconds
4,24,tanh,SW,48.930059,31.509579,1000,adam --74840.3605427742 seconds
4,25,tanh,AN,28.138841,27.279526,1000,adam --75386.71635699272 seconds
4,25,tanh,SW,48.956429,31.544884,1000,adam --76043.18020391464 seconds
4,26,tanh,AN,28.242167,27.304522,1000,adam --76592.51358389854 seconds
4,26,tanh,SW,48.840404,31.500568,1000,adam --77240.95484781265 seconds
4,27,tanh,AN,28.373260,27.275276,1000,adam --77794.61795139313 seconds
4,27,tanh,SW,49.115132,31.705030,1000,adam --78455.04748439789 seconds
4,28,tanh,AN,28.681828,27.519363,1000,adam --79011.41503190994 seconds
4,28,tanh,SW,49.072348,31.656650,1000,adam --79679.10337948799 seconds
4,29,tanh,AN,28.754761,27.456714,1000,adam --80239.92932772636 seconds
4,29,tanh,SW,49.170283,31.694063,1000,adam --80908.5446035862 seconds
5,2,tanh,AN,22.566799,25.108705,1000,adam --81325.03519010544 seconds
5,2,tanh,SW,49.099016,31.823676,1000,adam --81986.62614679337 seconds
5,3,tanh,AN,23.418489,25.522027,1000,adam --82438.12629771233 seconds
5,3,tanh,SW,48.900720,31.716048,1000,adam --83110.74021291733 seconds
5,4,tanh,AN,24.010251,25.543666,1000,adam --83581.82820677757 seconds
5,4,tanh,SW,48.673094,31.526775,1000,adam --84260.81075382233 seconds
5,5,tanh,AN,24.743398,26.087452,1000,adam --84749.43423938751 seconds
5,5,tanh,SW,48.809488,31.639358,1000,adam --85432.61219716072 seconds
5,6,tanh,AN,24.894571,25.949785,1000,adam --85933.12476706505 seconds
5,6,tanh,SW,48.805540,31.548504,1000,adam --86608.99207425117 seconds
5,7,tanh,AN,25.359183,26.076851,1000,adam --87120.54021573067 seconds
5,7,tanh,SW,48.638104,31.469641,1000,adam --87805.18091368675 seconds
5,8,tanh,AN,25.438899,26.354360,1000,adam --88323.39272022247 seconds
5,8,tanh,SW,48.799360,31.661374,1000,adam --89012.92735004425 seconds
5,9,tanh,AN,25.541423,26.215878,1000,adam --89541.93957853317 seconds
5,9,tanh,SW,48.733294,31.574544,1000,adam --90231.47726488113 seconds
5,10,tanh,AN,25.740638,26.668357,1000,adam --90765.68075180054 seconds
5,10,tanh,SW,48.751520,31.561282,1000,adam --91453.81510686874 seconds
5,11,tanh,AN,25.857608,26.684861,1000,adam --91994.85818624496 seconds
5,11,tanh,SW,48.638426,31.488104,1000,adam --92692.34791111946 seconds
5,12,tanh,AN,26.285044,27.130073,1000,adam --93239.15880656242 seconds
5,12,tanh,SW,48.834780,31.592436,1000,adam --93941.80522441864 seconds
5,13,tanh,AN,26.336219,27.054045,1000,adam --94494.2310333252 seconds
5,13,tanh,SW,48.763778,31.567418,1000,adam --95195.44957995415 seconds
5,14,tanh,AN,26.317159,27.061108,1000,adam --95755.55401349068 seconds
5,14,tanh,SW,48.575773,31.334495,1000,adam --96457.62289333344 seconds
5,15,tanh,AN,26.520329,27.121696,1000,adam --97023.027510643 seconds
5,15,tanh,SW,48.659817,31.535128,1000,adam --97735.73348331451 seconds
5,16,tanh,AN,28.240986,27.350198,1000,adam --98305.7789645195 seconds
5,16,tanh,SW,48.598133,31.492000,1000,adam --99021.52289223671 seconds
5,17,tanh,AN,28.391573,27.062188,1000,adam --99598.40702533722 seconds
5,17,tanh,SW,48.710724,31.606771,1000,adam --100314.65594172478 seconds
5,18,tanh,AN,27.486631,27.525245,1000,adam --100895.82309007645 seconds
5,18,tanh,SW,49.036529,31.749712,1000,adam --101610.30402517319 seconds
5,19,tanh,AN,27.199008,27.232809,1000,adam --102196.9934990406 seconds
5,19,tanh,SW,48.971899,31.817736,1000,adam --102921.79845905304 seconds
5,20,tanh,AN,27.263868,27.194785,1000,adam --103510.89210510254 seconds
5,20,tanh,SW,48.746381,31.533336,1000,adam --104239.56026554108 seconds
5,21,tanh,AN,27.668148,27.570051,1000,adam --104832.68639826775 seconds
5,21,tanh,SW,48.647954,31.520686,1000,adam --105559.22654366493 seconds
5,22,tanh,AN,27.432045,27.053808,1000,adam --106156.99067473412 seconds
5,22,tanh,SW,48.774683,31.632758,1000,adam --106881.30634856224 seconds
5,23,tanh,AN,27.693397,27.272329,1000,adam --107486.62213683128 seconds
5,23,tanh,SW,48.785726,31.659750,1000,adam --108226.65435099602 seconds
5,24,tanh,AN,27.512675,27.043122,1000,adam --108838.23007893562 seconds
5,24,tanh,SW,48.714859,31.658068,1000,adam --109588.99494051933 seconds
5,25,tanh,AN,27.855234,27.179589,1000,adam --110209.41268277168 seconds
5,25,tanh,SW,48.601367,31.507778,1000,adam --110971.75985503197 seconds
5,26,tanh,AN,27.925338,27.146784,1000,adam --111596.6748213768 seconds
5,26,tanh,SW,48.678428,31.524292,1000,adam --112334.77782559395 seconds
5,27,tanh,AN,27.836186,27.137995,1000,adam --112966.30271601677 seconds
5,27,tanh,SW,48.939457,31.670868,1000,adam --113732.0464193821 seconds
5,28,tanh,AN,28.802371,28.128783,1000,adam --114365.37512540817 seconds
5,28,tanh,SW,49.040076,31.873834,1000,adam --115136.67604398727 seconds
5,29,tanh,AN,28.163579,27.183811,1000,adam --115775.25863623619 seconds
5,29,tanh,SW,48.731876,31.534371,1000,adam --116545.79981851578 seconds
6,2,tanh,AN,22.354826,24.734352,1000,adam --117028.89196395874 seconds
6,2,tanh,SW,48.447389,31.535761,1000,adam --117792.78466129303 seconds
6,3,tanh,AN,23.039976,25.227465,1000,adam --118304.40768146515 seconds
6,3,tanh,SW,48.821129,31.997467,1000,adam --119076.56688380241 seconds
6,4,tanh,AN,23.793670,25.727035,1000,adam --119609.32545042038 seconds
6,4,tanh,SW,48.513141,31.662547,1000,adam --120380.28455591202 seconds
6,5,tanh,AN,24.202927,25.694128,1000,adam --120927.76019263268 seconds
6,5,tanh,SW,48.658860,31.815321,1000,adam --121699.25509881973 seconds
6,6,tanh,AN,24.534107,25.716617,1000,adam --122260.58219885826 seconds
6,6,tanh,SW,48.698079,31.674127,1000,adam --123036.44960784912 seconds
6,7,tanh,AN,24.813134,25.855492,1000,adam --123602.87943387032 seconds
6,7,tanh,SW,48.565762,31.677033,1000,adam --124374.81412911415 seconds
6,8,tanh,AN,25.296966,25.872503,1000,adam --124951.11853480339 seconds
6,8,tanh,SW,48.432204,31.564215,1000,adam --125727.73713159561 seconds
6,9,tanh,AN,25.361125,26.121223,1000,adam --126322.95915699005 seconds
6,9,tanh,SW,48.436936,31.489203,1000,adam --127099.66530132294 seconds
6,10,tanh,AN,25.508817,26.357276,1000,adam --127703.1511669159 seconds
6,10,tanh,SW,48.405074,31.512417,1000,adam --128501.5545039177 seconds
6,11,tanh,AN,25.491799,26.189177,1000,adam --129112.08789014816 seconds
6,11,tanh,SW,48.404490,31.593878,1000,adam --129922.40402650833 seconds
6,12,tanh,AN,25.986557,26.978025,1000,adam --130544.86114144325 seconds
6,12,tanh,SW,48.637716,31.762321,1000,adam --131357.46103072166 seconds
6,13,tanh,AN,25.912850,26.467807,1000,adam --131975.08187699318 seconds
6,13,tanh,SW,48.549856,31.636925,1000,adam --132763.764326334 seconds
6,14,tanh,AN,26.200154,26.863050,1000,adam --133387.8602566719 seconds
6,14,tanh,SW,48.378239,31.514312,1000,adam --134196.4375345707 seconds
6,15,tanh,AN,26.138284,26.904171,1000,adam --134835.77499389648 seconds
6,15,tanh,SW,48.455991,31.629445,1000,adam --135640.88878679276 seconds
6,16,tanh,AN,26.485573,26.934685,1000,adam --136284.78125953674 seconds
6,16,tanh,SW,48.562603,31.689311,1000,adam --137102.2925157547 seconds
6,17,tanh,AN,26.289270,26.714835,1000,adam --137751.33123207092 seconds
6,17,tanh,SW,48.524250,31.685940,1000,adam --138560.42010116577 seconds
6,18,tanh,AN,26.837103,27.287706,1000,adam --139208.44845342636 seconds
6,18,tanh,SW,48.684650,31.763655,1000,adam --140024.16987228394 seconds
6,19,tanh,AN,26.462911,26.844413,1000,adam --140667.81975913048 seconds
6,19,tanh,SW,48.679704,31.778563,1000,adam --141477.66365098953 seconds
6,20,tanh,AN,26.635335,26.942511,1000,adam --142124.36089158058 seconds
6,20,tanh,SW,48.650664,31.822528,1000,adam --142935.02312588692 seconds
6,21,tanh,AN,26.643884,26.829276,1000,adam --143590.25157499313 seconds
6,21,tanh,SW,48.538555,31.689884,1000,adam --144402.98848366737 seconds
6,22,tanh,AN,26.813847,26.875524,1000,adam --145059.77236151695 seconds
6,22,tanh,SW,48.479010,31.549777,1000,adam --145876.52801036835 seconds
6,23,tanh,AN,26.997832,27.069963,1000,adam --146541.31166052818 seconds
6,23,tanh,SW,48.571983,31.519501,1000,adam --147363.78784108162 seconds
6,24,tanh,AN,27.217236,27.325987,1000,adam --148029.35083818436 seconds
6,24,tanh,SW,48.491973,31.650260,1000,adam --148858.0268933773 seconds
6,25,tanh,AN,27.176401,27.181891,1000,adam --149540.19397234917 seconds
6,25,tanh,SW,48.585610,31.655229,1000,adam --150368.40207195282 seconds
6,26,tanh,AN,27.484065,27.403958,1000,adam --151047.69924807549 seconds
6,26,tanh,SW,48.479869,31.595048,1000,adam --151888.39596247673 seconds
6,27,tanh,AN,27.194644,26.946243,1000,adam --152571.49538636208 seconds
6,27,tanh,SW,48.588640,31.670563,1000,adam --153412.43753123283 seconds
6,28,tanh,AN,27.337067,27.065463,1000,adam --154103.84642744064 seconds
6,28,tanh,SW,48.543058,31.692205,1000,adam --154947.05687093735 seconds
6,29,tanh,AN,27.413158,27.078532,1000,adam --155638.46467638016 seconds
6,29,tanh,SW,48.677217,31.703373,1000,adam --156486.201390028 seconds
7,2,tanh,AN,22.147489,25.143219,1000,adam --157018.2877061367 seconds
7,2,tanh,SW,48.583099,31.758108,1000,adam --157870.9002957344 seconds
7,3,tanh,AN,22.817233,25.207309,1000,adam --158433.02993869781 seconds
7,3,tanh,SW,48.495279,31.573523,1000,adam --159288.35379314423 seconds
7,4,tanh,AN,23.208258,25.289765,1000,adam --159868.64847040176 seconds
7,4,tanh,SW,48.649680,31.717818,1000,adam --160719.37862730026 seconds
7,5,tanh,AN,23.737328,25.239336,1000,adam --161315.20962119102 seconds
7,5,tanh,SW,48.472344,31.432023,1000,adam --162175.29621362686 seconds
7,6,tanh,AN,24.079377,25.085086,1000,adam --162788.50864124298 seconds
7,6,tanh,SW,48.424750,31.494624,1000,adam --163656.82921743393 seconds
7,7,tanh,AN,24.602390,25.842319,1000,adam --164283.1696653366 seconds
7,7,tanh,SW,48.652231,31.562723,1000,adam --165200.96172833443 seconds
7,8,tanh,AN,24.577708,25.562353,1000,adam --165862.00078105927 seconds
7,8,tanh,SW,48.511422,31.539242,1000,adam --166835.3787677288 seconds
7,9,tanh,AN,24.889342,25.779843,1000,adam --167582.24068045616 seconds
7,9,tanh,SW,48.733669,31.801418,1000,adam --168586.50437498093 seconds
7,10,tanh,AN,25.308548,26.217590,1000,adam --169489.20906758308 seconds
7,10,tanh,SW,48.943237,32.017642,1000,adam --170520.253541708 seconds
7,11,tanh,AN,25.006967,25.945640,1000,adam --171367.34186697006 seconds
7,11,tanh,SW,48.466366,31.424451,1000,adam --172557.2020368576 seconds
7,12,tanh,AN,25.510480,26.345117,1000,adam --173399.03384113312 seconds
7,12,tanh,SW,48.584718,31.585407,1000,adam --174482.05942463875 seconds
7,13,tanh,AN,25.729074,26.460513,1000,adam --175318.16225481033 seconds
7,13,tanh,SW,48.895161,31.940935,1000,adam --176443.9092721939 seconds
7,14,tanh,AN,25.728741,26.238174,1000,adam --177321.72111988068 seconds
7,14,tanh,SW,48.716635,31.832999,1000,adam --178533.86662650108 seconds
7,15,tanh,AN,25.753198,26.462560,1000,adam --179474.37303996086 seconds
7,15,tanh,SW,48.624852,31.647506,1000,adam --180696.51601696014 seconds
7,16,tanh,AN,25.840293,26.683652,1000,adam --181613.90764904022 seconds
7,16,tanh,SW,48.662227,31.606259,1000,adam --182720.6276743412 seconds
7,17,tanh,AN,25.956939,26.604968,1000,adam --183582.84542775154 seconds
7,17,tanh,SW,48.739785,31.757353,1000,adam --184604.96361899376 seconds
7,18,tanh,AN,26.056661,26.697699,1000,adam --185418.79227638245 seconds
7,18,tanh,SW,48.656739,31.701989,1000,adam --186432.67903709412 seconds
7,19,tanh,AN,26.022364,26.603903,1000,adam --187241.25451922417 seconds
7,19,tanh,SW,48.574002,31.595268,1000,adam --188260.47153687477 seconds
7,20,tanh,AN,26.317554,26.856218,1000,adam --189071.29486823082 seconds
7,20,tanh,SW,49.116822,32.079786,1000,adam --190108.41676664352 seconds
7,21,tanh,AN,26.126310,26.772454,1000,adam --190928.99912810326 seconds
7,21,tanh,SW,48.636580,31.611896,1000,adam --191957.92542123795 seconds
7,22,tanh,AN,26.402489,26.828683,1000,adam --192782.48913788795 seconds
7,22,tanh,SW,48.551621,31.485893,1000,adam --193795.25183320045 seconds
7,23,tanh,AN,26.510420,26.921504,1000,adam --194616.9916293621 seconds
7,23,tanh,SW,48.732232,31.651096,1000,adam --195655.3270421028 seconds
7,24,tanh,AN,27.136094,27.582390,1000,adam --196490.5313284397 seconds
7,24,tanh,SW,48.623062,31.560889,1000,adam --197516.96786689758 seconds
7,25,tanh,AN,27.368432,28.146269,1000,adam --198354.9817483425 seconds
7,25,tanh,SW,48.385894,31.392381,1000,adam --199422.3260359764 seconds
7,26,tanh,AN,27.013368,27.351882,1000,adam --200286.2586221695 seconds
7,26,tanh,SW,48.381959,31.543478,1000,adam --201332.61374473572 seconds
7,27,tanh,AN,27.445115,27.710653,1000,adam --202188.33838939667 seconds
7,27,tanh,SW,48.637918,31.716742,1000,adam --203246.0316514969 seconds
7,28,tanh,AN,27.226985,27.428734,1000,adam --204105.46444678307 seconds
7,28,tanh,SW,48.424248,31.420010,1000,adam --205180.8570306301 seconds
7,29,tanh,AN,27.130166,27.198834,1000,adam --206048.83358812332 seconds
7,29,tanh,SW,48.703423,31.682442,1000,adam --207118.00254631042 seconds
8,2,tanh,AN,21.541067,24.873829,1000,adam --207803.19967532158 seconds
8,2,tanh,SW,48.374112,31.410458,1000,adam --208875.33691501617 seconds
8,3,tanh,AN,22.199167,25.022295,1000,adam --209588.64273428917 seconds
8,3,tanh,SW,48.687022,31.651634,1000,adam --210670.3756890297 seconds
8,4,tanh,AN,23.283678,25.428006,1000,adam --211421.59218597412 seconds
8,4,tanh,SW,48.788900,31.799606,1000,adam --212511.64523601532 seconds
8,5,tanh,AN,23.387165,25.255535,1000,adam --213272.76265382767 seconds
8,5,tanh,SW,48.721838,31.888048,1000,adam --214372.03051185608 seconds
8,6,tanh,AN,23.803222,25.460721,1000,adam --215156.3813583851 seconds
8,6,tanh,SW,48.838049,32.039378,1000,adam --216263.98685145378 seconds
8,7,tanh,AN,23.923329,25.308248,1000,adam --217067.26994132996 seconds
8,7,tanh,SW,48.605070,31.611579,1000,adam --218181.8972480297 seconds
8,8,tanh,AN,24.225856,25.601025,1000,adam --219009.77243804932 seconds
8,8,tanh,SW,48.797911,31.897013,1000,adam --220119.36805534363 seconds
8,9,tanh,AN,24.495778,25.859955,1000,adam --220936.70065879822 seconds
8,9,tanh,SW,48.310136,31.314305,1000,adam --222054.37484049797 seconds
8,10,tanh,AN,24.624847,25.790345,1000,adam --222880.18494033813 seconds
8,10,tanh,SW,48.569468,31.702832,1000,adam --223996.4817533493 seconds
8,11,tanh,AN,25.095927,26.254062,1000,adam --224835.20574331284 seconds
8,11,tanh,SW,48.421971,31.423808,1000,adam --225960.1309711933 seconds
8,12,tanh,AN,25.219630,26.338932,1000,adam --226812.10315394402 seconds
8,12,tanh,SW,48.475478,31.439982,1000,adam --227945.09495544434 seconds
8,13,tanh,AN,25.124232,26.451963,1000,adam --228807.66407370567 seconds
8,13,tanh,SW,48.467958,31.497018,1000,adam --229973.91125011444 seconds
8,14,tanh,AN,25.214056,26.290245,1000,adam --230850.16410684586 seconds
8,14,tanh,SW,48.614763,31.856290,1000,adam --231994.4161491394 seconds
8,15,tanh,AN,25.316874,26.297597,1000,adam --232880.59263181686 seconds
8,15,tanh,SW,48.537603,31.688773,1000,adam --234030.899477005 seconds
8,16,tanh,AN,25.605723,26.729827,1000,adam --234917.75904917717 seconds
8,16,tanh,SW,48.522498,31.679657,1000,adam --236083.20606446266 seconds
8,17,tanh,AN,25.565028,26.670378,1000,adam --236981.3000190258 seconds
8,17,tanh,SW,48.584066,31.607640,1000,adam --238142.46603178978 seconds
8,18,tanh,AN,25.663244,26.630874,1000,adam --239045.9193201065 seconds
8,18,tanh,SW,48.689617,31.666846,1000,adam --240225.3433830738 seconds
8,19,tanh,AN,25.945855,27.149742,1000,adam --241134.7952528 seconds
8,19,tanh,SW,48.651956,31.833569,1000,adam --242299.50397586823 seconds
8,20,tanh,AN,26.496491,27.788458,1000,adam --243216.01880216599 seconds
8,20,tanh,SW,48.505912,31.633587,1000,adam --244390.87647747993 seconds
8,21,tanh,AN,25.913517,26.716661,1000,adam --245316.34608459473 seconds
8,21,tanh,SW,48.615966,31.691165,1000,adam --246494.46302580833 seconds
8,22,tanh,AN,26.252214,27.231015,1000,adam --247420.46474671364 seconds
8,22,tanh,SW,48.821208,31.791920,1000,adam --248603.03090190887 seconds
8,23,tanh,AN,26.419748,27.365245,1000,adam --249533.9192109108 seconds
8,23,tanh,SW,48.511625,31.641172,1000,adam --250715.9526104927 seconds
8,24,tanh,AN,26.072083,27.017383,1000,adam --251669.32318782806 seconds
8,24,tanh,SW,48.741136,31.872369,1000,adam --252857.41743469238 seconds
8,25,tanh,AN,26.726418,27.867172,1000,adam --253802.6839003563 seconds
8,25,tanh,SW,48.442682,31.510221,1000,adam --254995.28921961784 seconds
8,26,tanh,AN,26.252047,27.162213,1000,adam --255836.44277477264 seconds
8,26,tanh,SW,48.369434,31.391801,1000,adam --256870.69706130028 seconds
8,27,tanh,AN,26.445021,27.170947,1000,adam --257695.5728814602 seconds
8,27,tanh,SW,48.626627,31.787043,1000,adam --258731.9261188507 seconds
8,28,tanh,AN,26.779628,27.453430,1000,adam --259557.85199284554 seconds
8,28,tanh,SW,48.673329,31.813611,1000,adam --260598.1910457611 seconds
8,29,tanh,AN,26.749564,27.177745,1000,adam --261429.37986326218 seconds
8,29,tanh,SW,48.568643,31.702140,1000,adam --262478.51696658134 seconds
9,2,tanh,AN,21.843237,24.622103,1000,adam --263124.24010515213 seconds
9,2,tanh,SW,48.663111,31.717940,1000,adam --264187.92752695084 seconds
9,3,tanh,AN,22.376761,24.729802,1000,adam --264868.90546655655 seconds
9,3,tanh,SW,48.729209,31.765778,1000,adam --265918.97096538544 seconds
9,4,tanh,AN,22.905852,24.782786,1000,adam --266617.85277342796 seconds
9,4,tanh,SW,48.669045,31.591969,1000,adam --267676.7899324894 seconds
9,5,tanh,AN,23.200738,24.906993,1000,adam --268400.77085638046 seconds
9,5,tanh,SW,48.663953,31.639902,1000,adam --269489.47752571106 seconds
9,6,tanh,AN,23.634639,25.187469,1000,adam --270229.15081954 seconds
9,6,tanh,SW,48.622568,31.699795,1000,adam --271298.64378762245 seconds
9,7,tanh,AN,23.820660,25.233971,1000,adam --272052.4078156948 seconds
9,7,tanh,SW,48.585724,31.664155,1000,adam --273126.0361442566 seconds
9,8,tanh,AN,24.061072,25.517727,1000,adam --273891.7798922062 seconds
9,8,tanh,SW,49.038779,32.258204,1000,adam --274968.90171456337 seconds
9,9,tanh,AN,24.249954,25.970742,1000,adam --275745.92813563347 seconds
9,9,tanh,SW,48.600635,31.665051,1000,adam --276832.15215206146 seconds
9,10,tanh,AN,24.265866,25.664916,1000,adam --277618.9023833275 seconds
9,10,tanh,SW,48.583741,31.514050,1000,adam --278702.9619987011 seconds
9,11,tanh,AN,24.467195,25.952111,1000,adam --279496.95446681976 seconds
9,11,tanh,SW,48.677841,31.822858,1000,adam --280583.60172200203 seconds
9,12,tanh,AN,24.931337,26.171880,1000,adam --281388.4179916382 seconds
9,12,tanh,SW,48.638264,31.665418,1000,adam --282477.0952999592 seconds
9,13,tanh,AN,24.887749,26.110821,1000,adam --283290.30384016037 seconds
9,13,tanh,SW,48.544507,31.498358,1000,adam --284381.3347659111 seconds
9,14,tanh,AN,24.849459,26.178156,1000,adam --285199.61947155 seconds
9,14,tanh,SW,48.717695,31.788630,1000,adam --286297.6158633232 seconds
9,15,tanh,AN,25.212608,26.494993,1000,adam --287127.4338231087 seconds
9,15,tanh,SW,48.661026,31.572153,1000,adam --288226.8521256447 seconds
9,16,tanh,AN,25.414142,26.554952,1000,adam --289060.97826194763 seconds
9,16,tanh,SW,48.721126,31.856848,1000,adam --290159.3873016834 seconds
9,17,tanh,AN,25.284940,26.409006,1000,adam --290993.96304631233 seconds
9,17,tanh,SW,48.527320,31.470145,1000,adam --292079.81477093697 seconds
9,18,tanh,AN,25.496640,26.765751,1000,adam --292915.5644302368 seconds
9,18,tanh,SW,49.091576,32.245492,1000,adam --294023.99777054787 seconds
9,19,tanh,AN,25.413311,26.594297,1000,adam --294873.9439575672 seconds
9,19,tanh,SW,48.684725,31.710064,1000,adam --295985.22336149216 seconds
9,20,tanh,AN,25.538873,26.824444,1000,adam --296839.86199498177 seconds
9,20,tanh,SW,48.633406,31.571237,1000,adam --297953.2628054619 seconds
9,21,tanh,AN,25.616332,26.881544,1000,adam --298820.55187368393 seconds
9,21,tanh,SW,48.579494,31.545514,1000,adam --299936.01020884514 seconds
9,22,tanh,AN,25.772890,26.902207,1000,adam --300811.8006057739 seconds
9,22,tanh,SW,48.682209,31.707323,1000,adam --301940.4521563053 seconds
9,23,tanh,AN,25.776650,27.173148,1000,adam --302812.14782452583 seconds
9,23,tanh,SW,48.549364,31.502393,1000,adam --303941.46719026566 seconds
9,24,tanh,AN,26.405418,27.987237,1000,adam --304824.08818626404 seconds
9,24,tanh,SW,48.590101,31.503468,1000,adam --305963.0265133381 seconds
9,25,tanh,AN,26.072627,27.450845,1000,adam --306858.5118942261 seconds
9,25,tanh,SW,48.574005,31.564857,1000,adam --308053.1614513397 seconds
9,26,tanh,AN,26.250958,27.520052,1000,adam --308950.9039592743 seconds
9,26,tanh,SW,48.718123,31.842953,1000,adam --310118.2271223068 seconds
9,27,tanh,AN,26.875437,28.010892,1000,adam --311037.7678678036 seconds
9,27,tanh,SW,48.562946,31.493380,1000,adam --312207.08186125755 seconds
9,28,tanh,AN,26.375707,27.203232,1000,adam --313131.3082137108 seconds
9,28,tanh,SW,48.627256,31.427547,1000,adam --314312.3747074604 seconds
9,29,tanh,AN,26.665899,27.389879,1000,adam --315244.90752625465 seconds
9,29,tanh,SW,49.154175,32.277680,1000,adam --316422.7658355236 seconds
10,2,tanh,AN,21.819741,25.062915,1000,adam --317168.2005505562 seconds
10,2,tanh,SW,48.802822,31.875613,1000,adam --318352.3760714531 seconds
10,3,tanh,AN,22.416625,25.101072,1000,adam --319127.50381445885 seconds
10,3,tanh,SW,48.629442,31.489570,1000,adam --320326.1962003708 seconds
10,4,tanh,AN,22.877147,25.467509,1000,adam --321129.8547153473 seconds
10,4,tanh,SW,48.804082,31.838545,1000,adam --322329.1355872154 seconds
10,5,tanh,AN,23.097048,25.013862,1000,adam --323149.5772294998 seconds
10,5,tanh,SW,49.329335,32.452254,1000,adam --324354.76613020897 seconds
10,6,tanh,AN,23.490293,25.130848,1000,adam --325187.6378200054 seconds
10,6,tanh,SW,48.710570,31.636447,1000,adam --326393.779787302 seconds
10,7,tanh,AN,23.658222,25.672140,1000,adam --327238.55921697617 seconds
10,7,tanh,SW,48.513838,31.599294,1000,adam --328449.1989879608 seconds
10,8,tanh,AN,23.922515,25.613468,1000,adam --329315.32107925415 seconds
10,8,tanh,SW,48.574666,31.551712,1000,adam --330531.0366988182 seconds
10,9,tanh,AN,24.900561,26.422113,1000,adam --331400.7249791622 seconds
10,9,tanh,SW,48.658844,31.631007,1000,adam --332609.7213757038 seconds
10,10,tanh,AN,24.553396,26.144822,1000,adam --333485.480273962 seconds
10,10,tanh,SW,48.698226,31.762630,1000,adam --334702.2604842186 seconds
10,11,tanh,AN,24.135238,25.772558,1000,adam --335580.4195737839 seconds
10,11,tanh,SW,48.609877,31.746030,1000,adam --336780.14481568336 seconds
10,12,tanh,AN,24.290415,25.922003,1000,adam --337658.87373900414 seconds
10,12,tanh,SW,48.924167,32.105455,1000,adam --338860.51482129097 seconds
10,13,tanh,AN,24.766126,26.378425,1000,adam --339751.253456831 seconds
10,13,tanh,SW,48.623115,31.657402,1000,adam --340922.9692840576 seconds
10,14,tanh,AN,24.539821,26.071907,1000,adam --341819.01164889336 seconds
10,14,tanh,SW,48.743970,31.821067,1000,adam --343019.83016467094 seconds
10,15,tanh,AN,24.939299,26.259236,1000,adam --343917.7434453964 seconds
10,15,tanh,SW,48.531116,31.472928,1000,adam --345135.2703843117 seconds
10,16,tanh,AN,24.997119,26.467106,1000,adam --346041.90782094 seconds
10,16,tanh,SW,48.636721,31.455376,1000,adam --347261.91502189636 seconds
10,17,tanh,AN,25.031099,26.317241,1000,adam --348204.93190932274 seconds
10,17,tanh,SW,48.598382,31.768039,1000,adam --349434.67667627335 seconds
10,18,tanh,AN,25.275241,26.811444,1000,adam --350366.5239446163 seconds
10,18,tanh,SW,48.769906,31.866374,1000,adam --351617.93748164177 seconds
10,19,tanh,AN,24.951281,26.534133,1000,adam --352534.62757492065 seconds
10,19,tanh,SW,48.648696,31.809384,1000,adam --353791.9773619175 seconds
10,20,tanh,AN,25.128797,26.664248,1000,adam --354737.05541062355 seconds
10,20,tanh,SW,48.763361,31.783197,1000,adam --355956.58679795265 seconds
10,21,tanh,AN,25.700195,27.217314,1000,adam --356935.9341080189 seconds
10,21,tanh,SW,48.680441,31.748249,1000,adam --358208.3355486393 seconds
10,22,tanh,AN,25.295012,26.842974,1000,adam --359186.7583270073 seconds
10,22,tanh,SW,48.881358,31.937290,1000,adam --360473.4383163452 seconds
10,23,tanh,AN,26.128281,27.983218,1000,adam --361469.19109749794 seconds
10,23,tanh,SW,48.929197,32.066832,1000,adam --362768.49358797073 seconds
10,24,tanh,AN,25.667431,27.071239,1000,adam --363773.2434642315 seconds
10,24,tanh,SW,48.749394,31.803308,1000,adam --365068.0417406559 seconds
10,25,tanh,AN,25.713219,26.928448,1000,adam --366070.2481997013 seconds
10,25,tanh,SW,48.796462,31.774607,1000,adam --367376.2030413151 seconds
10,26,tanh,AN,25.934130,27.145172,1000,adam --368385.1200082302 seconds
10,26,tanh,SW,48.566395,31.484423,1000,adam --369682.0226740837 seconds
10,27,tanh,AN,26.305467,27.259149,1000,adam --370702.7917289734 seconds
10,27,tanh,SW,48.826665,31.947003,1000,adam --372010.1771991253 seconds
10,28,tanh,AN,26.094999,26.921836,1000,adam --373035.4759235382 seconds
10,28,tanh,SW,48.515774,31.452667,1000,adam --374339.5308482647 seconds
10,29,tanh,AN,26.602986,27.292041,1000,adam --375364.59429979324 seconds
10,29,tanh,SW,48.756232,31.870596,1000,adam --376677.0443658829 seconds
11,2,tanh,AN,21.856214,24.827536,1000,adam --377509.999822855 seconds
11,2,tanh,SW,49.243094,32.291689,1000,adam --378830.1924853325 seconds
11,3,tanh,AN,22.358645,24.877317,1000,adam --379695.5320596695 seconds
11,3,tanh,SW,48.608616,31.630111,1000,adam --381016.46397542953 seconds
11,4,tanh,AN,22.905656,25.131721,1000,adam --381889.9048037529 seconds
11,4,tanh,SW,48.989253,32.102630,1000,adam --383202.16591215134 seconds
11,5,tanh,AN,23.476427,26.037689,1000,adam --384094.2551372051 seconds
11,5,tanh,SW,48.784191,31.801324,1000,adam --385425.2331774235 seconds
11,6,tanh,AN,23.318236,25.536269,1000,adam --386332.33856773376 seconds
11,6,tanh,SW,48.649519,31.695108,1000,adam --387647.67273139954 seconds
11,7,tanh,AN,23.493003,25.605105,1000,adam --388562.01880788803 seconds
11,7,tanh,SW,48.747623,31.550136,1000,adam --389887.98558449745 seconds
11,8,tanh,AN,23.825899,25.772899,1000,adam --390821.1315000057 seconds
11,8,tanh,SW,48.619283,31.617745,1000,adam --392138.06945061684 seconds
11,9,tanh,AN,24.002078,25.838604,1000,adam --393078.7689695358 seconds
11,9,tanh,SW,48.587467,31.525053,1000,adam --394387.462038517 seconds
11,10,tanh,AN,24.092951,25.789680,1000,adam --395336.200548172 seconds
11,10,tanh,SW,49.039073,32.109755,1000,adam --396658.303981781 seconds
11,11,tanh,AN,24.186437,26.183907,1000,adam --397612.5085718632 seconds
11,11,tanh,SW,48.670486,31.585173,1000,adam --398957.1266849041 seconds
11,12,tanh,AN,24.334679,26.323065,1000,adam --399922.0583527088 seconds
11,12,tanh,SW,48.885546,31.919786,1000,adam --401249.1292235851 seconds
11,13,tanh,AN,24.584975,26.603142,1000,adam --402223.28596282005 seconds
11,13,tanh,SW,48.563622,31.474628,1000,adam --403568.44858670235 seconds
11,14,tanh,AN,24.597024,26.235215,1000,adam --404566.2060544491 seconds
11,14,tanh,SW,48.661307,31.636549,1000,adam --405917.78589844704 seconds
11,15,tanh,AN,24.498213,25.849278,1000,adam --406921.8999762535 seconds
11,15,tanh,SW,48.646084,31.670361,1000,adam --408304.995898962 seconds
11,16,tanh,AN,24.675596,26.337034,1000,adam --409312.7549686432 seconds
11,16,tanh,SW,48.556497,31.469525,1000,adam --410684.1381957531 seconds
11,17,tanh,AN,24.737455,26.271002,1000,adam --411705.7613027096 seconds
11,17,tanh,SW,48.838124,31.815119,1000,adam --413076.5748038292 seconds
11,18,tanh,AN,25.230270,26.822803,1000,adam --414101.9543378353 seconds
11,18,tanh,SW,48.544931,31.435942,1000,adam --415470.6641726494 seconds
11,19,tanh,AN,24.901030,26.544522,1000,adam --416502.82520604134 seconds
11,19,tanh,SW,48.534912,31.455744,1000,adam --417887.4730434418 seconds
11,20,tanh,AN,25.557334,27.238285,1000,adam --418943.2526996136 seconds
11,20,tanh,SW,48.943316,31.992396,1000,adam --420333.5617377758 seconds
11,21,tanh,AN,25.185065,26.763105,1000,adam --421394.4147963524 seconds
11,21,tanh,SW,48.728301,31.688015,1000,adam --422802.67551994324 seconds
11,22,tanh,AN,25.840323,27.401847,1000,adam --423866.7014327049 seconds
11,22,tanh,SW,48.612663,31.488651,1000,adam --425277.66872000694 seconds
11,23,tanh,AN,25.826687,27.321514,1000,adam --426326.79020524025 seconds
11,23,tanh,SW,48.915490,31.993350,1000,adam --427732.7759320736 seconds
11,24,tanh,AN,25.789184,27.115792,1000,adam --428791.49632024765 seconds
11,24,tanh,SW,48.985479,32.017633,1000,adam --430201.5225608349 seconds
11,25,tanh,AN,25.595838,27.030803,1000,adam --431287.6660654545 seconds
11,25,tanh,SW,48.944995,32.066060,1000,adam --432708.88589572906 seconds
11,26,tanh,AN,26.224976,27.622873,1000,adam --433818.3611147404 seconds
11,26,tanh,SW,48.549733,31.536869,1000,adam --435235.9255180359 seconds
11,27,tanh,AN,26.090446,27.344338,1000,adam --436340.9269592762 seconds
11,27,tanh,SW,48.603882,31.605806,1000,adam --437755.37435626984 seconds
11,28,tanh,AN,26.147720,27.168327,1000,adam --438854.1404135227 seconds
11,28,tanh,SW,48.747352,31.732296,1000,adam --440265.3745381832 seconds
11,29,tanh,AN,26.219178,27.235873,1000,adam --441362.4539999962 seconds
11,29,tanh,SW,48.643453,31.518493,1000,adam --442749.30632543564 seconds
12,2,tanh,AN,22.383751,25.045513,1000,adam --443644.58714056015 seconds
12,2,tanh,SW,49.032445,32.164091,1000,adam --445072.3728618622 seconds
12,3,tanh,AN,22.546348,25.016271,1000,adam --445985.2763941288 seconds
12,3,tanh,SW,48.785027,31.861466,1000,adam --447406.23275732994 seconds
12,4,tanh,AN,22.729996,25.193047,1000,adam --448370.2764942646 seconds
12,4,tanh,SW,48.766034,31.754537,1000,adam --449817.39606261253 seconds
12,5,tanh,AN,22.960078,25.210443,1000,adam --450802.9786243439 seconds
12,5,tanh,SW,48.684581,31.676383,1000,adam --452255.27684020996 seconds
12,6,tanh,AN,23.069977,25.201677,1000,adam --453260.6707074642 seconds
12,6,tanh,SW,48.724415,31.562091,1000,adam --454737.2394721508 seconds
12,7,tanh,AN,23.365555,25.448946,1000,adam --455761.94990968704 seconds
12,7,tanh,SW,48.760275,31.676214,1000,adam --457237.2443642616 seconds
12,8,tanh,AN,23.327743,25.378368,1000,adam --458254.40970516205 seconds
12,8,tanh,SW,48.814218,31.732044,1000,adam --459733.15448975563 seconds
12,9,tanh,AN,23.587272,25.760007,1000,adam --460781.70891332626 seconds
12,9,tanh,SW,48.679254,31.571608,1000,adam --462262.0522725582 seconds
12,10,tanh,AN,24.332005,26.232417,1000,adam --463316.61248350143 seconds
12,10,tanh,SW,48.812175,31.857487,1000,adam --464796.1869587898 seconds
12,11,tanh,AN,23.848218,25.756570,1000,adam --465864.67697763443 seconds
12,11,tanh,SW,48.720461,31.629150,1000,adam --467380.826526165 seconds
12,12,tanh,AN,24.037673,25.784227,1000,adam --468451.81087350845 seconds
12,12,tanh,SW,48.894892,31.774718,1000,adam --469929.8072743416 seconds
12,13,tanh,AN,24.233962,25.797497,1000,adam --471005.725222826 seconds
12,13,tanh,SW,48.901948,31.967978,1000,adam --472490.72014784813 seconds
12,14,tanh,AN,24.359431,25.839139,1000,adam --473578.4080452919 seconds
12,14,tanh,SW,48.703758,31.786424,1000,adam --475130.5122804642 seconds
12,15,tanh,AN,25.039016,26.638718,1000,adam --476239.3110611439 seconds
12,15,tanh,SW,48.730079,31.440991,1000,adam --477801.02313280106 seconds
12,16,tanh,AN,25.158278,26.768698,1000,adam --478934.45515060425 seconds
12,16,tanh,SW,48.756044,31.669413,1000,adam --480455.58208727837 seconds
12,17,tanh,AN,24.728657,26.149443,1000,adam --481614.90105199814 seconds
12,17,tanh,SW,48.686609,31.705890,1000,adam --483184.4599034786 seconds
12,18,tanh,AN,25.003403,26.316447,1000,adam --484356.6165378094 seconds
12,18,tanh,SW,48.654386,31.533499,1000,adam --485924.5035033226 seconds
12,19,tanh,AN,24.772350,26.269030,1000,adam --487094.80945444107 seconds
12,19,tanh,SW,48.706190,31.654313,1000,adam --488656.67118930817 seconds
12,20,tanh,AN,25.550339,27.077935,1000,adam --489831.9067595005 seconds
12,20,tanh,SW,48.782866,31.715131,1000,adam --491347.35030412674 seconds
12,21,tanh,AN,26.193545,27.397848,1000,adam --492521.63837838173 seconds
12,21,tanh,SW,48.672113,31.549965,1000,adam --494087.5720524788 seconds
12,22,tanh,AN,26.142130,27.958045,1000,adam --495276.552123785 seconds
12,22,tanh,SW,48.686263,31.486094,1000,adam --496844.9510691166 seconds
12,23,tanh,AN,25.372104,26.680641,1000,adam --498037.2815928459 seconds
12,23,tanh,SW,48.649195,31.639998,1000,adam --499608.8531258106 seconds
12,24,tanh,AN,25.592189,27.008558,1000,adam --500811.62094306946 seconds
12,24,tanh,SW,48.735773,31.640646,1000,adam --502385.85252070427 seconds
12,25,tanh,AN,25.495440,26.700288,1000,adam --503601.5341398716 seconds
12,25,tanh,SW,48.780184,31.786410,1000,adam --505170.497297287 seconds
12,26,tanh,AN,25.583975,27.035015,1000,adam --506416.12944602966 seconds
12,26,tanh,SW,48.843143,31.777630,1000,adam --508002.53819966316 seconds
12,27,tanh,AN,26.066428,27.291213,1000,adam --509226.81903648376 seconds
12,27,tanh,SW,48.918707,31.971062,1000,adam --510829.7262749672 seconds
12,28,tanh,AN,25.973963,26.990626,1000,adam --511997.64221453667 seconds
12,28,tanh,SW,48.577464,31.495408,1000,adam --513570.2838292122 seconds
12,29,tanh,AN,25.908399,26.988072,1000,adam --514776.57015275955 seconds
12,29,tanh,SW,48.735432,31.814575,1000,adam --516347.894974947 seconds
13,2,tanh,AN,21.956762,24.627046,1000,adam --517355.049864769 seconds
13,2,tanh,SW,48.787643,31.635258,1000,adam --519009.34798932076 seconds
13,3,tanh,AN,22.682592,25.249554,1000,adam --520050.34767484665 seconds
13,3,tanh,SW,49.037149,32.031226,1000,adam --521688.3190448284 seconds
13,4,tanh,AN,22.642341,25.040836,1000,adam --522742.9587788582 seconds
13,4,tanh,SW,48.832450,31.779295,1000,adam --524396.0658895969 seconds
13,5,tanh,AN,22.745280,25.132148,1000,adam --525525.3191330433 seconds
13,5,tanh,SW,48.751923,31.554632,1000,adam --527198.598637104 seconds
13,6,tanh,AN,23.116115,25.555441,1000,adam --528332.0886247158 seconds
13,6,tanh,SW,48.656860,31.728481,1000,adam --530011.3375763893 seconds
13,7,tanh,AN,23.217062,25.523885,1000,adam --531172.0434648991 seconds
13,7,tanh,SW,48.877641,31.965223,1000,adam --532856.7375934124 seconds
13,8,tanh,AN,23.360218,25.435103,1000,adam --534033.463858366 seconds
13,8,tanh,SW,48.691418,31.504322,1000,adam --535718.571287632 seconds
13,9,tanh,AN,23.419891,25.428696,1000,adam --536900.3072974682 seconds
13,9,tanh,SW,48.677233,31.554844,1000,adam --538500.5199296474 seconds
13,10,tanh,AN,23.746332,25.631045,1000,adam --539643.4777138233 seconds
13,10,tanh,SW,49.235077,32.158684,1000,adam --541306.0588710308 seconds
13,11,tanh,AN,23.798863,25.595162,1000,adam --542505.2659797668 seconds
13,11,tanh,SW,48.759380,31.690109,1000,adam --544127.322435379 seconds
13,12,tanh,AN,24.277489,25.856699,1000,adam --545293.2869958878 seconds
13,12,tanh,SW,48.941566,31.846527,1000,adam --546971.755245924 seconds
13,13,tanh,AN,24.905159,26.358890,1000,adam --548188.1275737286 seconds
13,13,tanh,SW,48.764010,31.566129,1000,adam --549863.9767699242 seconds
13,14,tanh,AN,24.351167,26.160825,1000,adam --551097.0753326416 seconds
13,14,tanh,SW,48.797655,31.738264,1000,adam --552782.0180468559 seconds
13,15,tanh,AN,24.321522,25.878646,1000,adam --554007.4121763706 seconds
13,15,tanh,SW,48.705351,31.569783,1000,adam --555647.9535601139 seconds
13,16,tanh,AN,24.662516,26.301643,1000,adam --556891.3697123528 seconds
13,16,tanh,SW,48.744979,31.752180,1000,adam --558642.816624403 seconds
13,17,tanh,AN,24.484017,26.272528,1000,adam --559899.3484256268 seconds
13,17,tanh,SW,48.677242,31.677735,1000,adam --561574.0759716034 seconds
13,18,tanh,AN,24.843776,26.622065,1000,adam --562836.3490743637 seconds
13,18,tanh,SW,49.313190,32.196556,1000,adam --564515.6018123627 seconds
13,19,tanh,AN,24.730468,26.353510,1000,adam --565768.4273204803 seconds
13,19,tanh,SW,48.961140,31.989939,1000,adam --567529.2794001102 seconds
13,20,tanh,AN,25.489310,27.286910,1000,adam --568803.9581313133 seconds
13,20,tanh,SW,48.842199,31.744435,1000,adam --570477.5345401764 seconds
13,21,tanh,AN,25.504464,27.281087,1000,adam --571744.788305521 seconds
13,21,tanh,SW,48.735759,31.749367,1000,adam --573421.5574769974 seconds
13,22,tanh,AN,25.182641,26.695786,1000,adam --574743.6820271015 seconds
13,22,tanh,SW,48.734002,31.472920,1000,adam --576409.6803576946 seconds
13,23,tanh,AN,25.557108,27.325267,1000,adam --577680.8218269348 seconds
13,23,tanh,SW,48.941995,31.796624,1000,adam --579374.4864940643 seconds
13,24,tanh,AN,25.373226,26.895739,1000,adam --580653.3389720917 seconds
13,24,tanh,SW,48.660437,31.509557,1000,adam --582329.6734175682 seconds
13,25,tanh,AN,25.615750,27.224675,1000,adam --583608.3398592472 seconds
13,25,tanh,SW,48.848560,31.904882,1000,adam --585278.7546982765 seconds
13,26,tanh,AN,25.532455,27.107734,1000,adam --586554.8221559525 seconds
13,26,tanh,SW,48.998287,32.118663,1000,adam --588226.9171183109 seconds
13,27,tanh,AN,26.382905,28.138309,1000,adam --589578.4987273216 seconds
13,27,tanh,SW,49.360226,32.311972,1000,adam --591272.1817913055 seconds
13,28,tanh,AN,26.379087,28.036558,1000,adam --592590.9950392246 seconds
13,28,tanh,SW,48.727154,31.704080,1000,adam --594409.6662917137 seconds
13,29,tanh,AN,25.684324,26.946256,1000,adam --596105.5214552879 seconds
13,29,tanh,SW,48.703607,31.625139,1000,adam --598140.8535540104 seconds
14,2,tanh,AN,22.258292,25.615414,1000,adam --561.645308971405 seconds
14,2,tanh,SW,48.983148,31.891712,1000,adam --1453.187950372696 seconds
14,3,tanh,AN,22.470184,25.564280,1000,adam --2033.4709799289703 seconds
14,3,tanh,SW,48.861944,31.674092,1000,adam --2932.550733089447 seconds
14,4,tanh,AN,22.374582,25.082505,1000,adam --3535.756590604782 seconds
14,4,tanh,SW,48.828112,31.716499,1000,adam --4451.844707727432 seconds
14,5,tanh,AN,22.632252,25.166719,1000,adam --5071.657353639603 seconds
14,5,tanh,SW,48.770638,31.705805,1000,adam --6050.9154987335205 seconds
14,6,tanh,AN,23.322529,25.812823,1000,adam --6722.103928089142 seconds
14,6,tanh,SW,48.717213,31.608981,1000,adam --7710.264170408249 seconds
14,7,tanh,AN,23.298507,25.733998,1000,adam --8393.564764976501 seconds
14,7,tanh,SW,49.006898,31.634410,1000,adam --9391.355446338654 seconds
14,8,tanh,AN,23.477760,25.639209,1000,adam --10085.963472127914 seconds
14,8,tanh,SW,48.800444,31.561213,1000,adam --11091.42482662201 seconds
14,9,tanh,AN,23.268883,25.453812,1000,adam --11797.292380571365 seconds
14,9,tanh,SW,48.865988,31.760107,1000,adam --12810.901102542877 seconds
14,10,tanh,AN,23.561209,25.578776,1000,adam --13527.575351953506 seconds
14,10,tanh,SW,48.940694,31.818491,1000,adam --14546.746201515198 seconds
14,11,tanh,AN,23.639367,25.742601,1000,adam --15275.172595739365 seconds
14,11,tanh,SW,48.816728,31.641737,1000,adam --16300.667472600937 seconds
14,12,tanh,AN,23.770050,25.600669,1000,adam --17043.473413467407 seconds
14,12,tanh,SW,48.701518,31.671883,1000,adam --18079.345817565918 seconds
14,13,tanh,AN,23.816672,25.796395,1000,adam --18829.612627506256 seconds
14,13,tanh,SW,48.851613,31.816718,1000,adam --19877.9077334404 seconds
14,14,tanh,AN,24.037022,26.055060,1000,adam --20644.175646305084 seconds
14,14,tanh,SW,48.950764,31.915837,1000,adam --21697.78778195381 seconds
14,15,tanh,AN,24.344239,26.449517,1000,adam --22471.314969301224 seconds
14,15,tanh,SW,49.066640,31.970132,1000,adam --23534.472420215607 seconds
14,16,tanh,AN,24.386879,26.488453,1000,adam --24340.24274969101 seconds
14,16,tanh,SW,48.761127,31.622523,1000,adam --25410.306667804718 seconds
14,17,tanh,AN,24.428253,26.266078,1000,adam --26203.533195257187 seconds
14,17,tanh,SW,48.741061,31.740677,1000,adam --27281.700810194016 seconds
14,18,tanh,AN,24.609943,26.420587,1000,adam --28083.580038547516 seconds
14,18,tanh,SW,48.908162,31.752870,1000,adam --29173.63265967369 seconds
14,19,tanh,AN,25.079496,27.008769,1000,adam --29986.28114104271 seconds
14,19,tanh,SW,48.799733,31.633922,1000,adam --31086.158395051956 seconds
14,20,tanh,AN,24.729497,26.482223,1000,adam --31909.620019435883 seconds
14,20,tanh,SW,49.142344,32.014704,1000,adam --33018.61505007744 seconds
14,21,tanh,AN,24.972687,26.690848,1000,adam --33848.83411169052 seconds
14,21,tanh,SW,49.031205,32.112580,1000,adam --34960.40087008476 seconds
14,22,tanh,AN,24.922562,26.723155,1000,adam --35799.761488199234 seconds
14,22,tanh,SW,48.962669,31.689581,1000,adam --36922.99221968651 seconds
14,23,tanh,AN,25.093737,26.895136,1000,adam --37773.719000816345 seconds
14,23,tanh,SW,48.876949,31.662497,1000,adam --38908.47632050514 seconds
14,24,tanh,AN,25.370364,27.143404,1000,adam --39766.14572453499 seconds
14,24,tanh,SW,49.573624,32.615806,1000,adam --40905.41148972511 seconds
14,25,tanh,AN,25.294529,26.993376,1000,adam --41773.36731290817 seconds
14,25,tanh,SW,48.824776,31.589259,1000,adam --42919.510813713074 seconds
14,26,tanh,AN,25.444030,27.152579,1000,adam --43797.56130027771 seconds
14,26,tanh,SW,48.792452,31.708991,1000,adam --44954.52097940445 seconds
14,27,tanh,AN,26.061946,27.745327,1000,adam --45840.0018286705 seconds
14,27,tanh,SW,48.947349,31.883772,1000,adam --47006.621584415436 seconds
14,28,tanh,AN,25.506786,26.910347,1000,adam --47901.18924379349 seconds
14,28,tanh,SW,48.981072,31.598820,1000,adam --49075.21701192856 seconds
14,29,tanh,AN,25.886823,27.552170,1000,adam --49977.23961019516 seconds
14,29,tanh,SW,48.894891,31.769815,1000,adam --51158.327530384064 seconds
15,11,tanh,AN,23.461940,25.701711,1000,adam --6742.072444438934 seconds
15,11,tanh,SW,49.101371,32.002470,1000,adam --7190.543958425522 seconds
15,12,tanh,AN,23.714243,25.992798,1000,adam --7508.187875986099 seconds
15,12,tanh,SW,49.128264,32.112865,1000,adam --7956.876583099365 seconds
15,13,tanh,AN,23.808173,26.044415,1000,adam --8281.123183965683 seconds
15,13,tanh,SW,49.296332,32.266731,1000,adam --8738.15373969078 seconds
15,14,tanh,AN,23.919048,26.036402,1000,adam --9066.17179775238 seconds
15,14,tanh,SW,49.238239,32.306830,1000,adam --9525.33862042427 seconds
15,15,tanh,AN,24.833601,27.038923,1000,adam --9858.608423233032 seconds
15,15,tanh,SW,49.266604,32.213929,1000,adam --10319.654309988022 seconds
15,16,tanh,AN,25.289405,27.225125,1000,adam --10655.574125289917 seconds
15,16,tanh,SW,49.070403,31.935186,1000,adam --11119.778519153595 seconds
15,17,tanh,AN,24.526510,26.497820,1000,adam --11458.846774578094 seconds
15,17,tanh,SW,48.940071,31.875269,1000,adam --11923.024733066559 seconds
15,18,tanh,AN,24.695450,26.618188,1000,adam --12266.94063425064 seconds
15,18,tanh,SW,48.936692,31.704628,1000,adam --12735.182981014252 seconds
15,19,tanh,AN,24.646738,26.700132,1000,adam --13082.773485183716 seconds
15,19,tanh,SW,48.902921,31.736243,1000,adam --13557.267361879349 seconds
15,20,tanh,AN,24.578608,26.618956,1000,adam --13908.31132221222 seconds
15,20,tanh,SW,49.121402,31.932258,1000,adam --14386.56003856659 seconds
15,21,tanh,AN,25.025128,27.147743,1000,adam --14742.751000881195 seconds
15,21,tanh,SW,48.939534,31.755089,1000,adam --15223.894232749939 seconds
15,22,tanh,AN,25.066218,27.245897,1000,adam --15583.1653881073 seconds
15,22,tanh,SW,48.845194,31.732057,1000,adam --16069.128375768661 seconds
15,23,tanh,AN,25.173598,26.931484,1000,adam --16432.94851088524 seconds
15,23,tanh,SW,49.167249,32.233495,1000,adam --16921.35783100128 seconds
15,24,tanh,AN,25.228827,27.122950,1000,adam --17288.665043115616 seconds
15,24,tanh,SW,48.741836,31.521146,1000,adam --17781.008773326874 seconds
15,25,tanh,AN,25.908941,28.072702,1000,adam --18152.756893873215 seconds
15,25,tanh,SW,49.384396,32.243153,1000,adam --18649.94719028473 seconds
15,26,tanh,AN,25.263800,27.030465,1000,adam --19025.63016152382 seconds
15,26,tanh,SW,48.825314,31.752028,1000,adam --19525.860507249832 seconds
15,27,tanh,AN,25.412900,27.080724,1000,adam --19903.70003938675 seconds
15,27,tanh,SW,49.286654,32.244436,1000,adam --20408.475894212723 seconds
15,28,tanh,AN,25.746023,27.507440,1000,adam --20790.817002773285 seconds
15,28,tanh,SW,49.019333,31.763271,1000,adam --21298.093822956085 seconds
15,29,tanh,AN,25.611447,27.226138,1000,adam --21684.28528046608 seconds
15,29,tanh,SW,48.927525,31.668513,1000,adam --22195.605020046234 seconds

