Date;Close
01-04-1999;1,207
01-05-1999;1,2077
01-06-1999;1,2088
01-07-1999;1,2093
01-08-1999;1,2096
01-11-1999;1,2101
01-12-1999;1,2106
01-13-1999;1,3185
01-14-1999;1,3186
01-15-1999;1,4651
01-18-1999;1,5376
01-19-1999;1,5572
01-20-1999;1,5727
01-21-1999;1,6594
01-22-1999;1,7041
01-25-1999;1,7598
01-26-1999;1,8762
01-27-1999;1,8878
01-28-1999;1,9198
01-29-1999;1,9824
02-01-1999;1,963
02-02-1999;1,7972
02-03-1999;1,7701
02-04-1999;1,8132
02-05-1999;1,8309
02-08-1999;1,8601
02-09-1999;1,9325
02-10-1999;1,8945
02-11-1999;1,886
02-12-1999;1,8976
02-17-1999;1,9171
02-18-1999;1,9021
02-19-1999;1,92
02-22-1999;1,9348
02-23-1999;2,012
02-24-1999;2,0025
02-25-1999;2,0343
02-26-1999;2,064
03-01-1999;2,0276
03-02-1999;2,13
03-03-1999;2,1639
03-04-1999;2,1014
03-05-1999;1,9926
03-08-1999;1,97
03-09-1999;1,9048
03-10-1999;1,8623
03-11-1999;1,8776
03-12-1999;1,9043
03-15-1999;1,8817
03-16-1999;1,8513
03-17-1999;1,8769
03-18-1999;1,8588
03-19-1999;1,8499
03-22-1999;1,8607
03-23-1999;1,8508
03-24-1999;1,842
03-25-1999;1,8092
03-26-1999;1,7742
03-29-1999;1,7647
03-30-1999;1,7326
03-31-1999;1,7212
04-05-1999;1,7243
04-06-1999;1,7306
04-07-1999;1,7287
04-08-1999;1,7198
04-09-1999;1,7082
04-12-1999;1,7046
04-13-1999;1,6712
04-14-1999;1,6567
04-15-1999;1,668
04-16-1999;1,6692
04-19-1999;1,6713
04-20-1999;1,7093
04-22-1999;1,7006
04-23-1999;1,6843
04-26-1999;1,697
04-27-1999;1,7061
04-28-1999;1,6955
04-29-1999;1,6668
04-30-1999;1,6599
05-03-1999;1,6727
05-04-1999;1,6726
05-05-1999;1,6839
05-06-1999;1,6721
05-07-1999;1,6704
05-10-1999;1,651
05-11-1999;1,646
05-12-1999;1,6606
05-13-1999;1,6502
05-14-1999;1,6562
05-17-1999;1,6662
05-18-1999;1,6651
05-19-1999;1,6628
05-20-1999;1,6826
05-21-1999;1,6955
05-24-1999;1,6977
05-25-1999;1,7472
05-26-1999;1,7178
05-27-1999;1,7129
05-28-1999;1,7303
05-31-1999;1,7232
06-01-1999;1,7328
06-02-1999;1,7534
06-04-1999;1,7357
06-07-1999;1,7404
06-08-1999;1,7471
06-09-1999;1,7483
06-10-1999;1,7589
06-11-1999;1,7722
06-14-1999;1,7775
06-15-1999;1,7884
06-16-1999;1,7667
06-17-1999;1,7597
06-18-1999;1,7477
06-21-1999;1,7628
06-22-1999;1,768
06-23-1999;1,784
06-24-1999;1,7995
06-25-1999;1,7896
06-28-1999;1,7892
06-29-1999;1,7664
06-30-1999;1,7687
07-01-1999;1,7567
07-02-1999;1,7698
07-05-1999;1,7655
07-06-1999;1,7746
07-07-1999;1,7807
07-08-1999;1,7903
07-09-1999;1,8036
07-12-1999;1,8182
07-13-1999;1,8384
07-14-1999;1,8101
07-15-1999;1,8273
07-16-1999;1,8099
07-19-1999;1,7921
07-20-1999;1,7974
07-21-1999;1,8163
07-22-1999;1,8163
07-23-1999;1,8139
07-26-1999;1,8195
07-27-1999;1,8165
07-28-1999;1,7907
07-29-1999;1,7931
07-30-1999;1,7884
08-02-1999;1,8107
08-03-1999;1,827
08-04-1999;1,8209
08-05-1999;1,8468
08-06-1999;1,8485
08-09-1999;1,8446
08-10-1999;1,8721
08-11-1999;1,8622
08-12-1999;1,8503
08-13-1999;1,8703
08-16-1999;1,876
08-17-1999;1,8812
08-18-1999;1,8919
08-19-1999;1,9163
08-20-1999;1,9489
08-23-1999;1,8698
08-24-1999;1,9018
08-25-1999;1,9303
08-26-1999;1,9079
08-27-1999;1,9235
08-30-1999;1,9428
08-31-1999;1,9151
09-01-1999;1,9209
09-02-1999;1,9236
09-03-1999;1,9032
09-06-1999;1,9051
09-08-1999;1,8975
09-09-1999;1,8727
09-10-1999;1,8613
09-13-1999;1,8814
09-14-1999;1,8915
09-15-1999;1,8771
09-16-1999;1,8786
09-17-1999;1,8853
09-20-1999;1,8737
09-21-1999;1,8783
09-22-1999;1,8898
09-23-1999;1,8906
09-24-1999;1,9136
09-27-1999;1,9166
09-28-1999;1,9385
09-29-1999;1,9216
09-30-1999;1,9215
10-01-1999;1,9557
10-04-1999;1,938
10-05-1999;1,9517
10-06-1999;1,9592
10-07-1999;1,9331
10-08-1999;1,9422
10-11-1999;1,9542
10-13-1999;1,9579
10-14-1999;1,964
10-15-1999;1,9786
10-18-1999;1,9821
10-19-1999;1,9925
10-20-1999;2,0017
10-21-1999;1,9928
10-22-1999;1,9826
10-25-1999;1,9769
10-26-1999;1,9861
10-27-1999;1,9946
10-28-1999;1,9781
10-29-1999;1,9522
11-01-1999;1,9423
11-03-1999;1,9406
11-04-1999;1,9287
11-05-1999;1,9147
11-08-1999;1,9258
11-09-1999;1,9233
11-10-1999;1,934
11-11-1999;1,928
11-12-1999;1,9323
11-16-1999;1,9323
11-17-1999;1,9319
11-18-1999;1,9282
11-19-1999;1,9305
11-22-1999;1,9314
11-23-1999;1,932
11-24-1999;1,9287
11-25-1999;1,9292
11-26-1999;1,9255
11-29-1999;1,9205
11-30-1999;1,9219
12-01-1999;1,9213
12-02-1999;1,8942
12-03-1999;1,8766
12-06-1999;1,8661
12-07-1999;1,8586
12-08-1999;1,8619
12-09-1999;1,866
12-10-1999;1,8659
12-13-1999;1,8556
12-14-1999;1,8455
12-15-1999;1,8493
12-16-1999;1,8399
12-17-1999;1,817
12-20-1999;1,804
12-21-1999;1,8226
12-22-1999;1,8196
12-23-1999;1,8278
12-24-1999;1,8282
12-27-1999;1,8259
12-28-1999;1,8281
12-29-1999;1,8162
12-30-1999;1,7882
12-31-1999;1,7882
01-03-2000;1,8003
01-04-2000;1,8329
01-05-2000;1,8536
01-06-2000;1,8453
01-07-2000;1,8273
01-10-2000;1,8153
01-11-2000;1,8211
01-12-2000;1,8306
01-13-2000;1,8185
01-14-2000;1,7989
01-17-2000;1,7949
01-18-2000;1,7916
01-19-2000;1,7976
01-20-2000;1,7793
01-21-2000;1,7776
01-24-2000;1,7644
01-25-2000;1,7733
01-26-2000;1,7761
01-27-2000;1,7745
01-28-2000;1,7867
01-31-2000;1,8016
02-01-2000;1,7924
02-02-2000;1,7892
02-03-2000;1,7771
02-04-2000;1,7777
02-07-2000;1,7651
02-08-2000;1,7646
02-09-2000;1,7624
02-10-2000;1,7687
02-11-2000;1,7639
02-14-2000;1,7691
02-15-2000;1,7756
02-16-2000;1,7724
02-17-2000;1,7732
02-18-2000;1,7697
02-21-2000;1,7776
02-22-2000;1,7817
02-23-2000;1,7878
02-24-2000;1,7771
02-25-2000;1,7733
02-28-2000;1,778
02-29-2000;1,7677
03-01-2000;1,767
03-02-2000;1,7592
03-03-2000;1,7503
03-08-2000;1,749
03-09-2000;1,7335
03-10-2000;1,7378
03-13-2000;1,7494
03-14-2000;1,7364
03-15-2000;1,7423
03-16-2000;1,7349
03-17-2000;1,7399
03-20-2000;1,738
03-21-2000;1,7373
03-22-2000;1,7297
03-23-2000;1,7234
03-24-2000;1,7226
03-27-2000;1,7354
03-28-2000;1,7448
03-29-2000;1,7371
03-30-2000;1,7514
03-31-2000;1,7465
04-03-2000;1,7399
04-04-2000;1,7417
04-05-2000;1,7524
04-06-2000;1,7415
04-07-2000;1,7431
04-10-2000;1,7379
04-11-2000;1,744
04-12-2000;1,7463
04-13-2000;1,7625
04-14-2000;1,7825
04-17-2000;1,7865
04-18-2000;1,7688
04-19-2000;1,7654
04-20-2000;1,7776
04-24-2000;1,7908
04-25-2000;1,788
04-26-2000;1,7977
04-27-2000;1,8075
04-28-2000;1,8059
05-02-2000;1,8
05-03-2000;1,8154
05-04-2000;1,8136
05-05-2000;1,811
05-08-2000;1,805
05-09-2000;1,8071
05-10-2000;1,8161
05-11-2000;1,8154
05-12-2000;1,8258
05-15-2000;1,8374
05-16-2000;1,819
05-17-2000;1,8284
05-18-2000;1,8297
05-19-2000;1,8446
05-22-2000;1,846
05-23-2000;1,8529
05-24-2000;1,8529
05-25-2000;1,8384
05-26-2000;1,8447
05-29-2000;1,838
05-30-2000;1,8297
05-31-2000;1,8258
06-01-2000;1,8194
06-02-2000;1,8096
06-05-2000;1,7925
06-06-2000;1,7891
06-07-2000;1,8028
06-08-2000;1,794
06-09-2000;1,7991
06-12-2000;1,8032
06-13-2000;1,8092
06-14-2000;1,8099
06-15-2000;1,8071
06-16-2000;1,8065
06-19-2000;1,8022
06-20-2000;1,7983
06-21-2000;1,8113
06-23-2000;1,8195
06-26-2000;1,8274
06-27-2000;1,8227
06-28-2000;1,8187
06-29-2000;1,8164
06-30-2000;1,7992
07-03-2000;1,8072
07-04-2000;1,8113
07-05-2000;1,8039
07-06-2000;1,7962
07-07-2000;1,7964
07-10-2000;1,7998
07-11-2000;1,7964
07-12-2000;1,8026
07-13-2000;1,8096
07-14-2000;1,8098
07-17-2000;1,7971
07-18-2000;1,7962
07-19-2000;1,8036
07-20-2000;1,8007
07-21-2000;1,7913
07-24-2000;1,7948
07-25-2000;1,789
07-26-2000;1,7917
07-27-2000;1,7839
07-28-2000;1,782
07-31-2000;1,774
08-01-2000;1,7872
08-02-2000;1,7908
08-03-2000;1,8071
08-04-2000;1,7911
08-07-2000;1,7953
08-08-2000;1,7984
08-09-2000;1,7942
08-10-2000;1,7954
08-11-2000;1,7951
08-14-2000;1,8013
08-15-2000;1,8048
08-16-2000;1,8062
08-17-2000;1,8088
08-18-2000;1,8166
08-21-2000;1,8191
08-22-2000;1,8161
08-23-2000;1,8178
08-24-2000;1,8196
08-25-2000;1,8205
08-28-2000;1,8269
08-29-2000;1,8341
08-30-2000;1,8251
08-31-2000;1,8226
09-01-2000;1,821
09-04-2000;1,8247
09-05-2000;1,8286
09-06-2000;1,8199
09-08-2000;1,8216
09-11-2000;1,8191
09-12-2000;1,8271
09-13-2000;1,8312
09-14-2000;1,8309
09-15-2000;1,843
09-18-2000;1,855
09-19-2000;1,853
09-20-2000;1,8538
09-21-2000;1,8509
09-22-2000;1,8586
09-25-2000;1,8412
09-26-2000;1,8498
09-27-2000;1,8484
09-28-2000;1,8471
09-29-2000;1,8429
10-02-2000;1,8475
10-03-2000;1,849
10-04-2000;1,8521
10-05-2000;1,8493
10-06-2000;1,8512
10-09-2000;1,8566
10-10-2000;1,8533
10-11-2000;1,8595
10-13-2000;1,8756
10-16-2000;1,8696
10-17-2000;1,8659
10-18-2000;1,8787
10-19-2000;1,8706
10-20-2000;1,8788
10-23-2000;1,891
10-24-2000;1,8973
10-25-2000;1,9274
10-26-2000;1,9332
10-27-2000;1,9232
10-30-2000;1,9176
10-31-2000;1,9082
11-01-2000;1,9091
11-03-2000;1,9278
11-06-2000;1,9454
11-07-2000;1,9565
11-08-2000;1,9495
11-09-2000;1,9675
11-10-2000;1,9558
11-13-2000;1,9571
11-14-2000;1,9433
11-16-2000;1,9478
11-17-2000;1,9601
11-20-2000;1,9357
11-21-2000;1,9092
11-22-2000;1,9314
11-23-2000;1,9405
11-24-2000;1,9552
11-27-2000;1,9563
11-28-2000;1,977
11-29-2000;1,9602
11-30-2000;1,9588
12-01-2000;1,9787
12-04-2000;1,9839
12-05-2000;1,964
12-06-2000;1,9649
12-07-2000;1,969
12-08-2000;1,9687
12-11-2000;1,964
12-12-2000;1,9668
12-13-2000;1,9615
12-14-2000;1,9627
12-15-2000;1,967
12-18-2000;1,9531
12-19-2000;1,9548
12-20-2000;1,9551
12-21-2000;1,957
12-22-2000;1,9516
12-26-2000;1,957
12-27-2000;1,96
12-28-2000;1,9546
12-29-2000;1,9546
01-02-2001;1,9376
01-03-2001;1,9414
01-04-2001;1,9349
01-05-2001;1,9476
01-08-2001;1,9516
01-09-2001;1,9433
01-10-2001;1,9421
01-11-2001;1,9455
01-12-2001;1,95
01-15-2001;1,9467
01-16-2001;1,9508
01-17-2001;1,9493
01-18-2001;1,9519
01-19-2001;1,9545
01-22-2001;1,9563
01-23-2001;1,9578
01-24-2001;1,9587
01-25-2001;1,973
01-26-2001;1,9732
01-29-2001;1,9745
01-30-2001;1,9706
01-31-2001;1,9703
02-01-2001;1,9731
02-02-2001;1,9926
02-05-2001;1,9937
02-06-2001;1,9972
02-07-2001;2,0037
02-08-2001;1,9951
02-09-2001;1,9876
02-12-2001;1,9805
02-13-2001;1,9795
02-14-2001;1,9886
02-15-2001;1,9804
02-16-2001;1,9932
02-19-2001;2,0019
02-20-2001;2,0055
02-21-2001;2,0232
02-22-2001;2,036
02-23-2001;2,0428
02-28-2001;2,0444
03-01-2001;2,042
03-02-2001;2,0347
03-05-2001;2,0224
03-06-2001;2,02
03-07-2001;2,0383
03-08-2001;2,0377
03-09-2001;2,0591
03-12-2001;2,0544
03-13-2001;2,0614
03-14-2001;2,0755
03-15-2001;2,0856
03-16-2001;2,1209
03-19-2001;2,1269
03-20-2001;2,0921
03-21-2001;2,0992
03-22-2001;2,1411
03-23-2001;2,1578
03-26-2001;2,1365
03-27-2001;2,1228
03-28-2001;2,1162
03-29-2001;2,1361
03-30-2001;2,1608
04-02-2001;2,1576
04-03-2001;2,1724
04-04-2001;2,1624
04-05-2001;2,1581
04-06-2001;2,1513
04-09-2001;2,1634
04-10-2001;2,1414
04-11-2001;2,1376
04-12-2001;2,1565
04-16-2001;2,1817
04-17-2001;2,188
04-18-2001;2,1742
04-19-2001;2,1874
04-20-2001;2,2356
04-23-2001;2,2578
04-24-2001;2,253
04-25-2001;2,3003
04-26-2001;2,2533
04-27-2001;2,2172
04-30-2001;2,1839
05-02-2001;2,2231
05-03-2001;2,2345
05-04-2001;2,2179
05-07-2001;2,1949
05-08-2001;2,2311
05-09-2001;2,2578
05-10-2001;2,2687
05-11-2001;2,2855
05-14-2001;2,3054
05-15-2001;2,3376
05-16-2001;2,3211
05-17-2001;2,3028
05-18-2001;2,2933
05-21-2001;2,327
05-22-2001;2,3054
05-23-2001;2,3419
05-24-2001;2,3486
05-25-2001;2,3395
05-28-2001;2,3257
05-29-2001;2,3417
05-30-2001;2,3588
05-31-2001;2,3592
06-01-2001;2,3825
06-04-2001;2,3621
06-05-2001;2,3887
06-06-2001;2,3813
06-07-2001;2,3872
06-08-2001;2,3611
06-11-2001;2,3714
06-12-2001;2,3898
06-13-2001;2,407
06-15-2001;2,4071
06-18-2001;2,4578
06-19-2001;2,4667
06-20-2001;2,474
06-21-2001;2,4046
06-22-2001;2,3288
06-25-2001;2,2989
06-26-2001;2,3131
06-27-2001;2,3228
06-28-2001;2,2915
06-29-2001;2,3041
07-02-2001;2,3241
07-03-2001;2,3387
07-04-2001;2,3899
07-05-2001;2,4105
07-06-2001;2,4935
07-09-2001;2,454
07-10-2001;2,4794
07-11-2001;2,5292
07-12-2001;2,5415
07-13-2001;2,553
07-16-2001;2,5971
07-17-2001;2,5296
07-18-2001;2,4688
07-19-2001;2,5024
07-20-2001;2,4565
07-23-2001;2,41
07-24-2001;2,4239
07-25-2001;2,4906
07-26-2001;2,4828
07-27-2001;2,4963
07-30-2001;2,4326
07-31-2001;2,4305
08-01-2001;2,4927
08-02-2001;2,4869
08-03-2001;2,4876
08-06-2001;2,4682
08-07-2001;2,4455
08-08-2001;2,4696
08-09-2001;2,466
08-10-2001;2,4834
08-13-2001;2,4902
08-14-2001;2,5132
08-15-2001;2,4997
08-16-2001;2,4869
08-17-2001;2,5227
08-20-2001;2,5298
08-21-2001;2,5345
08-22-2001;2,5223
08-23-2001;2,5274
08-24-2001;2,5492
08-27-2001;2,5577
08-28-2001;2,5556
08-29-2001;2,5466
08-30-2001;2,5395
08-31-2001;2,5509
09-03-2001;2,5582
09-04-2001;2,5634
09-05-2001;2,5661
09-06-2001;2,5919
09-10-2001;2,6005
09-11-2001;2,6361
09-12-2001;2,6733
09-13-2001;2,697
09-14-2001;2,6978
09-17-2001;2,6671
09-18-2001;2,6785
09-19-2001;2,7057
09-20-2001;2,7314
09-21-2001;2,7999
09-24-2001;2,7667
09-25-2001;2,7125
09-26-2001;2,7256
09-27-2001;2,7042
09-28-2001;2,6705
10-01-2001;2,6858
10-02-2001;2,703
10-03-2001;2,7279
10-04-2001;2,7318
10-05-2001;2,7532
10-08-2001;2,782
10-09-2001;2,7789
10-10-2001;2,7776
10-11-2001;2,7791
10-15-2001;2,7782
10-16-2001;2,7518
10-17-2001;2,7203
10-18-2001;2,7417
10-19-2001;2,7565
10-22-2001;2,7168
10-23-2001;2,716
10-24-2001;2,743
10-25-2001;2,742
10-26-2001;2,7282
10-29-2001;2,7238
10-30-2001;2,7223
10-31-2001;2,7063
11-01-2001;2,6812
11-05-2001;2,62
11-06-2001;2,5995
11-07-2001;2,6047
11-08-2001;2,5563
11-09-2001;2,5339
11-12-2001;2,5494
11-13-2001;2,5262
11-14-2001;2,5291
11-16-2001;2,5384
11-19-2001;2,5146
11-20-2001;2,5342
11-21-2001;2,5403
11-22-2001;2,5375
11-23-2001;2,5126
11-26-2001;2,4886
11-27-2001;2,4596
11-28-2001;2,4849
11-29-2001;2,5064
11-30-2001;2,5279
12-03-2001;2,4664
12-04-2001;2,4281
12-05-2001;2,4298
12-06-2001;2,4427
12-07-2001;2,3997
12-10-2001;2,3571
12-11-2001;2,3409
12-12-2001;2,3543
12-13-2001;2,3839
12-14-2001;2,3832
12-17-2001;2,3572
12-18-2001;2,3422
12-19-2001;2,2922
12-20-2001;2,3194
12-21-2001;2,3303
12-24-2001;2,337
12-26-2001;2,3137
12-27-2001;2,3207
12-28-2001;2,3196
12-31-2001;2,3196
01-02-2002;2,3058
01-03-2002;2,2924
01-04-2002;2,3093
01-07-2002;2,342
01-08-2002;2,3446
01-09-2002;2,3786
01-10-2002;2,3888
01-11-2002;2,416
01-14-2002;2,4064
01-15-2002;2,3697
01-16-2002;2,3859
01-17-2002;2,3633
01-18-2002;2,3744
01-21-2002;2,3734
01-22-2002;2,3659
01-23-2002;2,3796
01-24-2002;2,3973
01-25-2002;2,4038
01-28-2002;2,422
01-29-2002;2,4226
01-30-2002;2,4376
01-31-2002;2,4175
02-01-2002;2,4153
02-04-2002;2,422
02-05-2002;2,4206
02-06-2002;2,4198
02-07-2002;2,451
02-08-2002;2,4683
02-13-2002;2,4224
02-14-2002;2,4241
02-15-2002;2,4372
02-18-2002;2,4276
02-19-2002;2,4241
02-20-2002;2,4276
02-21-2002;2,4233
02-22-2002;2,4265
02-25-2002;2,4054
02-26-2002;2,3939
02-27-2002;2,3819
02-28-2002;2,3474
03-01-2002;2,3588
03-04-2002;2,3424
03-05-2002;2,3243
03-06-2002;2,3512
03-07-2002;2,3655
03-08-2002;2,3574
03-11-2002;2,3479
03-12-2002;2,3488
03-13-2002;2,336
03-14-2002;2,3433
03-15-2002;2,3534
03-18-2002;2,3398
03-19-2002;2,3424
03-20-2002;2,3372
03-21-2002;2,3467
03-22-2002;2,35
03-25-2002;2,3633
03-26-2002;2,3494
03-27-2002;2,3363
03-28-2002;2,3228
04-01-2002;2,3212
04-02-2002;2,3014
04-03-2002;2,2969
04-04-2002;2,311
04-05-2002;2,2916
04-08-2002;2,2899
04-09-2002;2,2834
04-10-2002;2,272
04-11-2002;2,2701
04-12-2002;2,298
04-15-2002;2,3172
04-16-2002;2,3164
04-17-2002;2,3157
04-18-2002;2,3319
04-19-2002;2,3261
04-22-2002;2,3339
04-23-2002;2,3479
04-24-2002;2,356
04-25-2002;2,3658
04-26-2002;2,355
04-29-2002;2,3681
04-30-2002;2,3617
05-02-2002;2,3762
05-03-2002;2,4141
05-06-2002;2,4319
05-07-2002;2,4166
05-08-2002;2,4333
05-09-2002;2,4511
05-10-2002;2,483
05-13-2002;2,4944
05-14-2002;2,5146
05-15-2002;2,5109
05-16-2002;2,4791
05-17-2002;2,4755
05-20-2002;2,4729
05-21-2002;2,4779
05-22-2002;2,5008
05-23-2002;2,5288
05-24-2002;2,5232
05-27-2002;2,522
05-28-2002;2,524
05-29-2002;2,5193
05-31-2002;2,5212
06-03-2002;2,5405
06-04-2002;2,5689
06-05-2002;2,6078
06-06-2002;2,641
06-07-2002;2,67
06-10-2002;2,6359
06-11-2002;2,6656
06-12-2002;2,7478
06-13-2002;2,6914
06-14-2002;2,7173
06-17-2002;2,6815
06-18-2002;2,6692
06-19-2002;2,7022
06-20-2002;2,7497
06-21-2002;2,7902
06-24-2002;2,8261
06-25-2002;2,7987
06-26-2002;2,8576
06-27-2002;2,8585
06-28-2002;2,8436
07-01-2002;2,8587
07-02-2002;2,9133
07-03-2002;2,8609
07-04-2002;2,8473
07-05-2002;2,8738
07-08-2002;2,8703
07-09-2002;2,8543
07-10-2002;2,8533
07-11-2002;2,8224
07-12-2002;2,8139
07-15-2002;2,8447
07-16-2002;2,8663
07-17-2002;2,8775
07-18-2002;2,8764
07-19-2002;2,8663
07-22-2002;2,8808
07-23-2002;2,9124
07-24-2002;2,9471
07-25-2002;2,9814
07-26-2002;3,0169
07-29-2002;3,1441
07-30-2002;3,2684
07-31-2002;3,4277
08-01-2002;3,3267
08-02-2002;3,0294
08-05-2002;3,0724
08-06-2002;3,2062
08-07-2002;3,059
08-08-2002;2,8875
08-09-2002;2,9956
08-12-2002;3,0971
08-13-2002;3,2086
08-14-2002;3,1957
08-15-2002;3,1904
08-16-2002;3,1612
08-19-2002;3,1134
08-20-2002;3,0915
08-21-2002;3,0786
08-22-2002;3,1409
08-23-2002;3,1128
08-26-2002;3,078
08-27-2002;3,0941
08-28-2002;3,1211
08-29-2002;3,1231
08-30-2002;3,0215
09-02-2002;3,0278
09-03-2002;3,089
09-04-2002;3,1317
09-05-2002;3,1504
09-06-2002;3,1775
09-09-2002;3,1304
09-10-2002;3,1298
09-11-2002;3,1145
09-12-2002;3,1231
09-13-2002;3,1498
09-16-2002;3,1876
09-17-2002;3,224
09-18-2002;3,3232
09-19-2002;3,3835
09-20-2002;3,4269
09-23-2002;3,544
09-24-2002;3,6208
09-25-2002;3,7249
09-26-2002;3,7508
09-27-2002;3,8533
09-30-2002;3,8941
10-01-2002;3,7459
10-02-2002;3,5928
10-03-2002;3,6944
10-04-2002;3,6585
10-07-2002;3,6957
10-08-2002;3,7009
10-09-2002;3,8512
10-10-2002;3,922
10-11-2002;3,9227
10-14-2002;3,8605
10-15-2002;3,8559
10-16-2002;3,8736
10-17-2002;3,9237
10-18-2002;3,8751
10-21-2002;3,9117
10-22-2002;3,9544
10-23-2002;3,8696
10-24-2002;3,8609
10-25-2002;3,8007
10-28-2002;3,7398
10-29-2002;3,8203
10-30-2002;3,7435
10-31-2002;3,6442
11-01-2002;3,6105
11-04-2002;3,541
11-05-2002;3,5617
11-06-2002;3,5968
11-07-2002;3,621
11-08-2002;3,5263
11-11-2002;3,5027
11-12-2002;3,5519
11-13-2002;3,6334
11-14-2002;3,6789
11-18-2002;3,5881
11-19-2002;3,5539
11-20-2002;3,5138
11-21-2002;3,5095
11-22-2002;3,5608
11-25-2002;3,5484
11-26-2002;3,5864
11-27-2002;3,589
11-28-2002;3,6022
11-29-2002;3,6357
12-02-2002;3,6152
12-03-2002;3,6617
12-04-2002;3,7041
12-05-2002;3,7506
12-06-2002;3,7518
12-09-2002;3,7972
12-10-2002;3,7677
12-11-2002;3,7946
12-12-2002;3,7527
12-13-2002;3,7334
12-16-2002;3,631
12-17-2002;3,5819
12-18-2002;3,5308
12-19-2002;3,5039
12-20-2002;3,427
12-23-2002;3,4939
12-24-2002;3,5002
12-26-2002;3,5243
12-27-2002;3,5405
12-30-2002;3,5325
12-31-2002;3,5325
01-02-2003;3,5216
01-03-2003;3,469
01-06-2003;3,3656
01-07-2003;3,3415
01-08-2003;3,3116
01-09-2003;3,3289
01-10-2003;3,291
01-13-2003;3,2948
01-14-2003;3,275
01-15-2003;3,2975
01-16-2003;3,2929
01-17-2003;3,3624
01-20-2003;3,4095
01-21-2003;3,4394
01-22-2003;3,5181
01-23-2003;3,4893
01-24-2003;3,5915
01-27-2003;3,6615
01-28-2003;3,6304
01-29-2003;3,6409
01-30-2003;3,5688
01-31-2003;3,525
02-03-2003;3,4922
02-04-2003;3,5398
02-05-2003;3,5837
02-06-2003;3,6037
02-07-2003;3,5794
02-10-2003;3,6034
02-11-2003;3,5729
02-12-2003;3,5995
02-13-2003;3,6351
02-14-2003;3,6572
02-17-2003;3,6224
02-18-2003;3,5881
02-19-2003;3,5927
02-20-2003;3,6059
02-21-2003;3,6089
02-24-2003;3,5862
02-25-2003;3,6005
02-26-2003;3,5809
02-27-2003;3,5842
02-28-2003;3,5624
03-05-2003;3,5629
03-06-2003;3,5252
03-07-2003;3,5002
03-10-2003;3,5273
03-11-2003;3,5053
03-12-2003;3,4755
03-13-2003;3,4285
03-14-2003;3,395
03-17-2003;3,4434
03-18-2003;3,43
03-19-2003;3,4568
03-20-2003;3,4822
03-21-2003;3,4454
03-24-2003;3,4062
03-25-2003;3,3884
03-26-2003;3,3739
03-27-2003;3,4023
03-28-2003;3,3749
03-31-2003;3,3523
04-01-2003;3,3351
04-02-2003;3,2787
04-03-2003;3,2555
04-04-2003;3,2461
04-07-2003;3,1715
04-08-2003;3,1641
04-09-2003;3,1849
04-10-2003;3,2149
04-11-2003;3,2139
04-14-2003;3,181
04-15-2003;3,1146
04-16-2003;3,0744
04-17-2003;3,0281
04-22-2003;3,0631
04-23-2003;3,0139
04-24-2003;3,0021
04-25-2003;3,0115
04-28-2003;2,9907
04-29-2003;2,9243
04-30-2003;2,889
05-02-2003;2,9151
05-05-2003;2,9837
05-06-2003;3,0269
05-07-2003;2,9631
05-08-2003;2,9169
05-09-2003;2,8794
05-12-2003;2,8749
05-13-2003;2,8645
05-14-2003;2,8894
05-15-2003;2,9294
05-16-2003;2,9723
05-19-2003;2,9807
05-20-2003;3,0133
05-21-2003;3,0101
05-22-2003;2,9834
05-23-2003;2,9437
05-26-2003;2,9557
05-27-2003;3,0249
05-28-2003;3,0132
05-29-2003;2,948
05-30-2003;2,9648
06-02-2003;2,9772
06-03-2003;2,9632
06-04-2003;2,9104
06-05-2003;2,8921
06-06-2003;2,8483
06-09-2003;2,86742
06-10-2003;2,8595
06-11-2003;2,8684
06-12-2003;2,8612
06-13-2003;2,8562
06-16-2003;2,85
06-17-2003;2,8736
06-18-2003;2,8894
06-20-2003;2,8925
06-23-2003;2,878
06-24-2003;2,8608
06-25-2003;2,8551
06-26-2003;2,8932
06-27-2003;2,8804
06-30-2003;2,8712
07-01-2003;2,8435
07-02-2003;2,8211
07-03-2003;2,8324
07-04-2003;2,8291
07-07-2003;2,8686
07-08-2003;2,8815
07-09-2003;2,8663
07-10-2003;2,8914
07-11-2003;2,9021
07-14-2003;2,8745
07-15-2003;2,8546
07-16-2003;2,8669
07-17-2003;2,8555
07-18-2003;2,8766
07-21-2003;2,882
07-22-2003;2,8818
07-23-2003;2,887
07-24-2003;2,8953
07-25-2003;2,8877
07-28-2003;2,8957
07-29-2003;2,9147
07-30-2003;2,9465
07-31-2003;2,9647
08-01-2003;2,9998
08-04-2003;3,0732
08-05-2003;3,0358
08-06-2003;3,0382
08-07-2003;3,0061
08-08-2003;2,9884
08-11-2003;2,9937
08-12-2003;3,0229
08-13-2003;3,0301
08-14-2003;3,0132
08-15-2003;2,9922
08-18-2003;2,984
08-19-2003;2,9965
08-20-2003;3,0002
08-21-2003;3,0024
08-22-2003;2,9918
08-25-2003;2,9887
08-26-2003;2,9888
08-27-2003;2,9726
08-28-2003;2,9523
08-29-2003;2,9657
09-01-2003;2,9832
09-02-2003;2,9781
09-03-2003;2,956
09-04-2003;2,941
09-05-2003;2,9208
09-08-2003;2,9147
09-09-2003;2,9298
09-10-2003;2,9117
09-11-2003;2,8983
09-12-2003;2,8951
09-15-2003;2,889
09-16-2003;2,8959
09-17-2003;2,8959
09-18-2003;2,8967
09-19-2003;2,9057
09-22-2003;2,9013
09-23-2003;2,9137
09-24-2003;2,9236
09-25-2003;2,9298
09-26-2003;2,9365
09-29-2003;2,9366
09-30-2003;2,9226
10-01-2003;2,9026
10-02-2003;2,8981
10-03-2003;2,8867
10-06-2003;2,8745
10-07-2003;2,8693
10-08-2003;2,8436
10-09-2003;2,8414
10-10-2003;2,8393
10-13-2003;2,8363
10-14-2003;2,8417
10-15-2003;2,826
10-16-2003;2,8401
10-17-2003;2,8627
10-20-2003;2,8831
10-21-2003;2,8634
10-22-2003;2,8594
10-23-2003;2,869
10-24-2003;2,8687
10-27-2003;2,872
10-28-2003;2,8667
10-29-2003;2,8529
10-30-2003;2,8432
10-31-2003;2,8554
11-03-2003;2,8551
11-04-2003;2,8599
11-05-2003;2,8588
11-06-2003;2,87
11-07-2003;2,8691
11-10-2003;2,8799
11-11-2003;2,8947
11-12-2003;2,9104
11-13-2003;2,9188
11-14-2003;2,941
11-17-2003;2,9538
11-18-2003;2,9413
11-19-2003;2,9499
11-20-2003;2,9472
11-21-2003;2,9293
11-24-2003;2,9262
11-25-2003;2,9238
11-26-2003;2,9353
11-27-2003;2,9469
11-28-2003;2,9486
12-01-2003;2,9333
12-02-2003;2,9265
12-03-2003;2,9308
12-04-2003;2,9395
12-05-2003;2,939
12-08-2003;2,9414
12-09-2003;2,9342
12-10-2003;2,9421
12-11-2003;2,9426
12-12-2003;2,9412
12-15-2003;2,9285
12-16-2003;2,9312
12-17-2003;2,9373
12-18-2003;2,9333
12-19-2003;2,927
12-22-2003;2,9231
12-23-2003;2,9167
12-24-2003;2,9074
12-26-2003;2,8986
12-29-2003;2,8875
12-30-2003;2,8884
12-31-2003;2,8884
01-02-2004;2,8854
01-05-2004;2,8619
01-06-2004;2,85
01-07-2004;2,8715
01-08-2004;2,858
01-09-2004;2,8414
01-12-2004;2,8155
01-13-2004;2,8014
01-14-2004;2,8134
01-15-2004;2,8118
01-16-2004;2,8176
01-19-2004;2,8411
01-20-2004;2,8374
01-21-2004;2,8409
01-22-2004;2,8409
01-23-2004;2,8427
01-26-2004;2,8423
01-27-2004;2,8579
01-28-2004;2,8777
01-29-2004;2,9228
01-30-2004;2,9401
02-02-2004;2,9478
02-03-2004;2,9318
02-04-2004;2,9098
02-05-2004;2,9327
02-06-2004;2,9492
02-09-2004;2,9333
02-10-2004;2,919
02-11-2004;2,9245
02-12-2004;2,9034
02-13-2004;2,9077
02-16-2004;2,9058
02-17-2004;2,9117
02-18-2004;2,9288
02-19-2004;2,9501
02-20-2004;2,987
02-25-2004;2,9395
02-26-2004;2,9361
02-27-2004;2,913
03-01-2004;2,8937
03-02-2004;2,9078
03-03-2004;2,8804
03-04-2004;2,887
03-05-2004;2,8782
03-08-2004;2,8744
03-09-2004;2,875
03-10-2004;2,8883
03-11-2004;2,9124
03-12-2004;2,9055
03-15-2004;2,9005
03-16-2004;2,8993
03-17-2004;2,9062
03-18-2004;2,9127
03-19-2004;2,8992
03-22-2004;2,9099
03-23-2004;2,9136
03-24-2004;2,9256
03-25-2004;2,9329
03-26-2004;2,9402
03-29-2004;2,9357
03-30-2004;2,9208
03-31-2004;2,9078
04-01-2004;2,8896
04-02-2004;2,8922
04-05-2004;2,8843
04-06-2004;2,8735
04-07-2004;2,8765
04-08-2004;2,8794
04-12-2004;2,8847
04-13-2004;2,8851
04-14-2004;2,8948
04-15-2004;2,9056
04-16-2004;2,9145
04-19-2004;2,9093
04-20-2004;2,9178
04-22-2004;2,9297
04-23-2004;2,9165
04-26-2004;2,9077
04-27-2004;2,9153
04-28-2004;2,9327
04-29-2004;2,9514
04-30-2004;2,9439
05-03-2004;2,9561
05-04-2004;2,9688
05-05-2004;2,9608
05-06-2004;2,9891
05-07-2004;3,0496
05-10-2004;3,1241
05-11-2004;3,1043
05-12-2004;3,1203
05-13-2004;3,1271
05-14-2004;3,0974
05-17-2004;3,1212
05-18-2004;3,1161
05-19-2004;3,1051
05-20-2004;3,1805
05-21-2004;3,2043
05-24-2004;3,179
05-25-2004;3,1568
05-26-2004;3,1562
05-27-2004;3,1516
05-28-2004;3,0953
05-31-2004;3,1283
06-01-2004;3,1559
06-02-2004;3,1294
06-03-2004;3,1435
06-04-2004;3,1327
06-07-2004;3,1111
06-08-2004;3,1147
06-09-2004;3,1158
06-11-2004;3,1394
06-14-2004;3,1643
06-15-2004;3,1372
06-16-2004;3,1397
06-17-2004;3,1272
06-18-2004;3,138
06-21-2004;3,129
06-22-2004;3,1333
06-23-2004;3,125
06-24-2004;3,1022
06-25-2004;3,1088
06-28-2004;3,1239
06-29-2004;3,1175
06-30-2004;3,1067
07-01-2004;3,0739
07-02-2004;3,0494
07-05-2004;3,0308
07-06-2004;3,041
07-07-2004;3,0359
07-08-2004;3,0467
07-09-2004;3,042
07-12-2004;3,0363
07-13-2004;3,0412
07-14-2004;3,0276
07-15-2004;3,0207
07-16-2004;3,0013
07-19-2004;2,9931
07-20-2004;3,0033
07-21-2004;3,0239
07-22-2004;3,0384
07-23-2004;3,0457
07-26-2004;3,0565
07-27-2004;3,0662
07-28-2004;3,0549
07-29-2004;3,0366
07-30-2004;3,026
08-02-2004;3,0458
08-03-2004;3,0542
08-04-2004;3,0571
08-05-2004;3,0629
08-06-2004;3,0481
08-09-2004;3,0388
08-10-2004;3,0277
08-11-2004;3,0384
08-12-2004;3,0299
08-13-2004;3,0227
08-16-2004;3,0138
08-17-2004;2,9981
08-18-2004;2,9914
08-19-2004;2,9785
08-20-2004;2,9734
08-23-2004;2,9679
08-24-2004;2,9568
08-25-2004;2,9504
08-26-2004;2,9533
08-27-2004;2,9563
08-30-2004;2,948
08-31-2004;2,933
09-01-2004;2,929
09-02-2004;2,9353
09-03-2004;2,9281
09-06-2004;2,9134
09-08-2004;2,9006
09-09-2004;2,902
09-10-2004;2,898
09-13-2004;2,9052
09-14-2004;2,9117
09-15-2004;2,9034
09-16-2004;2,8884
09-17-2004;2,8736
09-20-2004;2,8668
09-21-2004;2,8729
09-22-2004;2,8669
09-23-2004;2,8717
09-24-2004;2,8727
09-27-2004;2,872
09-28-2004;2,8684
09-29-2004;2,8594
09-30-2004;2,8578
10-01-2004;2,8505
10-04-2004;2,8257
10-05-2004;2,8233
10-06-2004;2,8354
10-07-2004;2,851
10-08-2004;2,8243
10-11-2004;2,831
10-13-2004;2,8366
10-14-2004;2,8623
10-15-2004;2,8615
10-18-2004;2,8539
10-19-2004;2,8698
10-20-2004;2,8839
10-21-2004;2,8527
10-22-2004;2,8481
10-25-2004;2,8809
10-26-2004;2,8721
10-27-2004;2,8577
10-28-2004;2,8647
10-29-2004;2,8557
11-01-2004;2,8582
11-03-2004;2,8296
11-04-2004;2,8203
11-05-2004;2,8178
11-08-2004;2,8291
11-09-2004;2,8279
11-10-2004;2,8201
11-11-2004;2,8192
11-12-2004;2,7983
11-16-2004;2,7848
11-17-2004;2,7666
11-18-2004;2,7595
11-19-2004;2,7629
11-22-2004;2,7672
11-23-2004;2,7438
11-24-2004;2,7477
11-25-2004;2,7503
11-26-2004;2,7324
11-29-2004;2,7394
11-30-2004;2,7299
12-01-2004;2,7137
12-02-2004;2,7231
12-03-2004;2,7087
12-06-2004;2,7178
12-07-2004;2,7314
12-08-2004;2,7656
12-09-2004;2,7736
12-10-2004;2,7859
12-13-2004;2,7689
12-14-2004;2,7572
12-15-2004;2,75
12-16-2004;2,7285
12-17-2004;2,7239
12-20-2004;2,6919
12-21-2004;2,6884
12-22-2004;2,6982
12-23-2004;2,7059
12-24-2004;2,6904
12-27-2004;2,6975
12-28-2004;2,6887
12-29-2004;2,6828
12-30-2004;2,6536
12-31-2004;2,6536
01-03-2005;2,6674
01-04-2005;2,6879
01-05-2005;2,7088
01-06-2005;2,7199
01-07-2005;2,7024
01-10-2005;2,6965
01-11-2005;2,7098
01-12-2005;2,7105
01-13-2005;2,7003
01-14-2005;2,7066
01-17-2005;2,6999
01-18-2005;2,7131
01-19-2005;2,7177
01-20-2005;2,7214
01-21-2005;2,92
01-24-2005;2,6772
01-25-2005;2,6786
01-26-2005;2,674
01-27-2005;2,6637
01-28-2005;2,6579
01-31-2005;2,624
02-01-2005;2,6122
02-02-2005;2,6232
02-03-2005;2,6026
02-04-2005;2,6022
02-09-2005;2,607
02-10-2005;2,6114
02-11-2005;2,6165
02-14-2005;2,5826
02-15-2005;2,5754
02-16-2005;2,5918
02-17-2005;2,5729
02-18-2005;2,5613
02-21-2005;2,5754
02-22-2005;2,5929
02-23-2005;2,5849
02-24-2005;2,609
02-25-2005;2,6312
02-28-2005;2,5942
03-01-2005;2,6003
03-02-2005;2,636
03-03-2005;2,669
03-04-2005;2,6607
03-07-2005;2,6616
03-08-2005;2,6926
03-09-2005;2,7105
03-10-2005;2,7311
03-11-2005;2,7013
03-14-2005;2,7515
03-15-2005;2,7613
03-16-2005;2,7562
03-17-2005;2,7514
03-18-2005;2,7155
03-21-2005;2,728
03-22-2005;2,7052
03-23-2005;2,7395
03-24-2005;2,7295
03-28-2005;2,7377
03-29-2005;2,7032
03-30-2005;2,68
03-31-2005;2,6654
04-01-2005;2,6542
04-04-2005;2,659
04-05-2005;2,6247
04-06-2005;2,6059
04-07-2005;2,6011
04-08-2005;2,5934
04-11-2005;2,5775
04-12-2005;2,5891
04-13-2005;2,559
04-14-2005;2,5739
04-15-2005;2,5963
04-18-2005;2,6149
04-19-2005;2,5817
04-20-2005;2,5637
04-22-2005;2,5384
04-25-2005;2,53
04-26-2005;2,5347
04-27-2005;2,5187
04-28-2005;2,5209
04-29-2005;2,5305
05-02-2005;2,5138
05-03-2005;2,4999
05-04-2005;2,4757
05-05-2005;2,4679
05-06-2005;2,4586
05-09-2005;2,453
05-10-2005;2,4642
05-11-2005;2,4711
05-12-2005;2,464
05-13-2005;2,4707
05-16-2005;2,4764
05-17-2005;2,4771
05-18-2005;2,4628
05-19-2005;2,445
05-20-2005;2,4485
05-23-2005;2,4291
05-24-2005;2,4305
05-25-2005;2,4305
05-27-2005;2,3926
05-30-2005;2,3776
05-31-2005;2,403
06-01-2005;2,4278
06-02-2005;2,4194
06-03-2005;2,4021
06-06-2005;2,4568
06-07-2005;2,4624
06-08-2005;2,4456
06-09-2005;2,4883
06-10-2005;2,4743
06-13-2005;2,4555
06-14-2005;2,4367
06-15-2005;2,4447
06-16-2005;2,4153
06-17-2005;2,3865
06-20-2005;2,3847
06-21-2005;2,3764
06-22-2005;2,3695
06-23-2005;2,3924
06-24-2005;2,3869
06-27-2005;2,3822
06-28-2005;2,3686
06-29-2005;2,3541
06-30-2005;2,3496
07-01-2005;2,3451
07-04-2005;2,3707
07-05-2005;2,366
07-06-2005;2,3893
07-07-2005;2,3882
07-08-2005;2,3675
07-11-2005;2,3494
07-12-2005;2,3345
07-13-2005;2,3474
07-14-2005;2,3425
07-15-2005;2,3419
07-18-2005;2,3296
07-19-2005;2,3426
07-20-2005;2,3514
07-21-2005;2,3397
07-22-2005;2,3753
07-25-2005;2,4279
07-26-2005;2,4648
07-27-2005;2,4431
07-28-2005;2,4203
07-29-2005;2,3897
08-01-2005;2,3777
08-02-2005;2,3522
08-03-2005;2,3143
08-04-2005;2,3046
08-05-2005;2,2978
08-08-2005;2,3092
08-09-2005;2,3143
08-10-2005;2,2759
08-11-2005;2,3161
08-12-2005;2,375
08-15-2005;2,3414
08-16-2005;2,3434
08-17-2005;2,3484
08-18-2005;2,3629
08-19-2005;2,4308
08-22-2005;2,402
08-23-2005;2,4089
08-24-2005;2,4227
08-25-2005;2,4195
08-26-2005;2,4121
08-29-2005;2,39787
08-30-2005;2,3853
08-31-2005;2,3629
09-01-2005;2,3615
09-02-2005;2,3421
09-05-2005;2,3287
09-06-2005;2,3254
09-08-2005;2,319
09-09-2005;2,3167
09-12-2005;2,3189
09-13-2005;2,3261
09-14-2005;2,3292
09-15-2005;2,3004
09-16-2005;2,2929
09-19-2005;2,2897
09-20-2005;2,294
09-21-2005;2,2819
09-22-2005;2,2744
09-23-2005;2,2674
09-26-2005;2,2575
09-27-2005;2,2525
09-28-2005;2,2425
09-29-2005;2,2236
09-30-2005;2,2214
10-03-2005;2,2331
10-04-2005;2,2416
10-05-2005;2,2677
10-06-2005;2,2878
10-07-2005;2,2622
10-10-2005;2,2376
10-11-2005;2,2343
10-13-2005;2,2619
10-14-2005;2,2503
10-17-2005;2,2344
10-18-2005;2,2397
10-19-2005;2,2527
10-20-2005;2,2435
10-21-2005;2,2538
10-24-2005;2,2615
10-25-2005;2,261
10-26-2005;2,2738
10-27-2005;2,2843
10-28-2005;2,2783
10-31-2005;2,2535
11-01-2005;2,2508
11-03-2005;2,2328
11-04-2005;2,2223
11-07-2005;2,2005
11-08-2005;2,2024
11-09-2005;2,1709
11-10-2005;2,1749
11-11-2005;2,1625
11-14-2005;2,1982
11-16-2005;2,1966
11-17-2005;2,1858
11-18-2005;2,2179
11-21-2005;2,2173
11-22-2005;2,2503
11-23-2005;2,2372
11-24-2005;2,2362
11-25-2005;2,2321
11-28-2005;2,2086
11-29-2005;2,1972
11-30-2005;2,2062
12-01-2005;2,2169
12-02-2005;2,2053
12-05-2005;2,196
12-06-2005;2,1799
12-07-2005;2,1792
12-08-2005;2,2119
12-09-2005;2,2438
12-12-2005;2,2626
12-13-2005;2,2557
12-14-2005;2,2771
12-15-2005;2,2949
12-16-2005;2,3348
12-19-2005;2,3727
12-20-2005;2,3489
12-21-2005;2,316
12-22-2005;2,3246
12-23-2005;2,3319
12-26-2005;2,3317
12-27-2005;2,3518
12-28-2005;2,3475
12-29-2005;2,3399
12-30-2005;2,3399
01-02-2006;2,3362
01-03-2006;2,3452
01-04-2006;2,3058
01-05-2006;2,2817
01-06-2006;2,2862
01-09-2006;2,2624
01-10-2006;2,263
01-11-2006;2,2671
01-12-2006;2,2721
01-13-2006;2,2739
01-16-2006;2,2754
01-17-2006;2,2916
01-18-2006;2,3268
01-19-2006;2,3217
01-20-2006;2,2748
01-23-2006;2,2601
01-24-2006;2,2432
01-25-2006;2,2425
01-26-2006;2,2374
01-27-2006;2,2144
01-30-2006;2,2108
01-31-2006;2,2152
02-01-2006;2,2209
02-02-2006;2,2202
02-03-2006;2,2194
02-06-2006;2,1869
02-07-2006;2,1858
02-08-2006;2,1948
02-09-2006;2,177
02-10-2006;2,1567
02-13-2006;2,1613
02-14-2006;2,1427
02-15-2006;2,1367
02-16-2006;2,1169
02-17-2006;2,1178
02-20-2006;2,1174
02-21-2006;2,1289
02-22-2006;2,1476
02-23-2006;2,1345
02-24-2006;2,1347
03-01-2006;2,1173
03-02-2006;2,1126
03-03-2006;2,1147
03-06-2006;2,1253
03-07-2006;2,1674
03-08-2006;2,177
03-09-2006;2,1607
03-10-2006;2,1439
03-13-2006;2,1341
03-14-2006;2,1261
03-15-2006;2,1207
03-16-2006;2,1059
03-17-2006;2,118
03-20-2006;2,1378
03-21-2006;2,1583
03-22-2006;2,1545
03-23-2006;2,1498
03-24-2006;2,162
03-27-2006;2,1796
03-28-2006;2,223
03-29-2006;2,222
03-30-2006;2,1944
03-31-2006;2,1716
04-03-2006;2,1534
04-04-2006;2,1285
04-05-2006;2,1336
04-06-2006;2,1291
04-07-2006;2,1401
04-10-2006;2,1514
04-11-2006;2,1412
04-12-2006;2,1328
04-13-2006;2,1428
04-17-2006;2,1335
04-18-2006;2,1284
04-19-2006;2,1135
04-20-2006;2,1228
04-24-2006;2,1174
04-25-2006;2,1225
04-26-2006;2,1216
04-27-2006;2,1128
04-28-2006;2,0884
05-02-2006;2,071
05-03-2006;2,0698
05-04-2006;2,0659
05-05-2006;2,0579
05-08-2006;2,0643
05-09-2006;2,0634
05-10-2006;2,0578
05-11-2006;2,0873
05-12-2006;2,1299
05-15-2006;2,1766
05-16-2006;2,1395
05-17-2006;2,1818
05-18-2006;2,1825
05-19-2006;2,1922
05-22-2006;2,2875
05-23-2006;2,2593
05-24-2006;2,3703
05-25-2006;2,3142
05-26-2006;2,2512
05-29-2006;2,2558
05-30-2006;2,3227
05-31-2006;2,2997
06-01-2006;2,2705
06-02-2006;2,2587
06-05-2006;2,2549
06-06-2006;2,2678
06-07-2006;2,2492
06-08-2006;2,2693
06-09-2006;2,2607
06-12-2006;2,2699
06-13-2006;2,301
06-14-2006;2,2837
06-16-2006;2,2513
06-19-2006;2,2396
06-20-2006;2,2498
06-21-2006;2,237
06-22-2006;2,2383
06-23-2006;2,2454
06-26-2006;2,2251
06-27-2006;2,2307
06-28-2006;2,2254
06-29-2006;2,2055
06-30-2006;2,1635
07-03-2006;2,1693
07-04-2006;2,1638
07-05-2006;2,1947
07-06-2006;2,1832
07-07-2006;2,1757
07-10-2006;2,1742
07-11-2006;2,1851
07-12-2006;2,1907
07-13-2006;2,2098
07-14-2006;2,2122
07-17-2006;2,2118
07-18-2006;2,1954
07-19-2006;2,1802
07-20-2006;2,1887
07-21-2006;2,1927
07-24-2006;2,1908
07-25-2006;2,1985
07-26-2006;2,1976
07-27-2006;2,1891
07-28-2006;2,1792
07-31-2006;2,1754
08-01-2006;2,1897
08-02-2006;2,1813
08-03-2006;2,1827
08-04-2006;2,1712
08-07-2006;2,1785
08-08-2006;2,1831
08-09-2006;2,1679
08-10-2006;2,162
08-11-2006;2,1608
08-14-2006;2,1597
08-15-2006;2,1472
08-16-2006;2,1321
08-17-2006;2,1357
08-18-2006;2,1448
08-21-2006;2,1353
08-22-2006;2,1347
08-23-2006;2,1346
08-24-2006;2,1515
08-25-2006;2,1563
08-28-2006;2,1465
08-29-2006;2,1411
08-30-2006;2,1322
08-31-2006;2,138
09-01-2006;2,146
09-04-2006;2,1274
09-05-2006;2,128
09-06-2006;2,1435
09-08-2006;2,1574
09-11-2006;2,1743
09-12-2006;2,1724
09-13-2006;2,1692
09-14-2006;2,1585
09-15-2006;2,1532
09-18-2006;2,1445
09-19-2006;2,151
09-20-2006;2,1682
09-21-2006;2,1961
09-22-2006;2,2169
09-25-2006;2,218
09-26-2006;2,1972
09-27-2006;2,1852
09-28-2006;2,1785
09-29-2006;2,1734
10-02-2006;2,1615
10-03-2006;2,1647
10-04-2006;2,1668
10-05-2006;2,1621
10-06-2006;2,1621
10-09-2006;2,158
10-10-2006;2,1489
10-11-2006;2,1538
10-13-2006;2,1411
10-16-2006;2,1323
10-17-2006;2,1353
10-18-2006;2,1331
10-19-2006;2,1379
10-20-2006;2,1449
10-23-2006;2,1383
10-24-2006;2,1459
10-25-2006;2,1502
10-26-2006;2,1355
10-27-2006;2,137
10-30-2006;2,1448
10-31-2006;2,1422
11-01-2006;2,1402
11-03-2006;2,1412
11-06-2006;2,137
11-07-2006;2,1345
11-08-2006;2,1456
11-09-2006;2,1404
11-10-2006;2,1481
11-13-2006;2,1612
11-14-2006;2,1529
11-16-2006;2,1509
11-17-2006;2,1585
11-20-2006;2,1614
11-21-2006;2,163
11-22-2006;2,1615
11-23-2006;2,1675
11-24-2006;2,1692
11-27-2006;2,1792
11-28-2006;2,1862
11-29-2006;2,1775
11-30-2006;2,166
12-01-2006;2,1664
12-04-2006;2,1685
12-05-2006;2,1552
12-06-2006;2,152
12-07-2006;2,142
12-08-2006;2,1434
12-11-2006;2,1376
12-12-2006;2,1473
12-13-2006;2,1451
12-14-2006;2,1452
12-15-2006;2,1462
12-18-2006;2,1462
12-19-2006;2,1564
12-20-2006;2,1552
12-22-2006;2,151
12-26-2006;2,1429
12-27-2006;2,1489
12-28-2006;2,1372
12-29-2006;2,1372
01-02-2007;2,1334
01-03-2007;2,1364
01-04-2007;2,1421
01-05-2007;2,1466
01-08-2007;2,1497
01-09-2007;2,1498
01-10-2007;2,1548
01-11-2007;2,1457
01-12-2007;2,1413
01-15-2007;2,1399
01-16-2007;2,1436
01-17-2007;2,1342
01-18-2007;2,1321
01-19-2007;2,1399
01-22-2007;2,1319
01-23-2007;2,136
01-24-2007;2,1278
01-25-2007;2,1273
01-26-2007;2,1352
01-29-2007;2,1352
01-30-2007;2,1321
01-31-2007;2,1239
02-01-2007;2,1085
02-02-2007;2,0974
02-05-2007;2,0956
02-06-2007;2,0825
02-07-2007;2,0844
02-08-2007;2,0943
02-09-2007;2,1025
02-12-2007;2,1132
02-13-2007;2,108
02-14-2007;2,0992
02-15-2007;2,0888
02-16-2007;2,0905
02-21-2007;2,0794
02-22-2007;2,0758
02-23-2007;2,086
02-26-2007;2,0855
02-27-2007;2,1091
02-28-2007;2,1174
03-01-2007;2,1252
03-02-2007;2,1266
03-05-2007;2,138
03-06-2007;2,1201
03-07-2007;2,1113
03-08-2007;2,1046
03-09-2007;2,0975
03-12-2007;2,0894
03-13-2007;2,0954
03-14-2007;2,1036
03-15-2007;2,0901
03-16-2007;2,0907
03-19-2007;2,0784
03-20-2007;2,0755
03-21-2007;2,0668
03-22-2007;2,0594
03-23-2007;2,0644
03-26-2007;2,0593
03-27-2007;2,0629
03-28-2007;2,0708
03-29-2007;2,0537
03-30-2007;2,0496
04-02-2007;2,047
04-03-2007;2,0364
04-04-2007;2,0313
04-05-2007;2,0325
04-09-2007;2,0228
04-10-2007;2,0274
04-11-2007;2,0325
04-12-2007;2,0363
04-13-2007;2,0223
04-16-2007;2,0332
04-17-2007;2,034
04-18-2007;2,0357
04-19-2007;2,0304
04-20-2007;2,0254
04-23-2007;2,0282
04-24-2007;2,0377
04-25-2007;2,0228
04-26-2007;2,0244
04-27-2007;2,0313
04-30-2007;2,0331
05-02-2007;2,026
05-03-2007;2,0231
05-04-2007;2,0301
05-07-2007;2,0258
05-08-2007;2,0218
05-09-2007;2,0214
05-10-2007;2,0209
05-11-2007;2,0186
05-14-2007;2,013
05-15-2007;1,9914
05-16-2007;1,9578
05-17-2007;1,9565
05-18-2007;1,9622
05-21-2007;1,9427
05-22-2007;1,9401
05-23-2007;1,9481
05-24-2007;1,9645
05-25-2007;1,9512
05-28-2007;1,9433
05-29-2007;1,9453
05-30-2007;1,946
05-31-2007;1,9281
06-01-2007;1,9048
06-04-2007;1,9207
06-05-2007;1,9387
06-06-2007;1,9609
06-08-2007;1,963
06-11-2007;1,9465
06-12-2007;1,9412
06-13-2007;1,9434
06-14-2007;1,9295
06-15-2007;1,9089
06-18-2007;1,9
06-19-2007;1,91
06-20-2007;1,919
06-21-2007;1,9189
06-22-2007;1,9326
06-25-2007;1,9371
06-26-2007;1,948
06-27-2007;1,9491
06-28-2007;1,9248
06-29-2007;1,9254
07-02-2007;1,9168
07-03-2007;1,9114
07-04-2007;1,9091
07-05-2007;1,9149
07-06-2007;1,9025
07-09-2007;1,8984
07-10-2007;1,8939
07-11-2007;1,8892
07-12-2007;1,8759
07-13-2007;1,8676
07-16-2007;1,8639
07-17-2007;1,8613
07-18-2007;1,8601
07-19-2007;1,8528
07-20-2007;1,8598
07-23-2007;1,844
07-24-2007;1,8517
07-25-2007;1,8635
07-26-2007;1,9046
07-27-2007;1,9061
07-30-2007;1,8801
07-31-2007;1,8768
08-01-2007;1,8848
08-02-2007;1,8721
08-03-2007;1,8806
08-06-2007;1,9098
08-07-2007;1,9069
08-08-2007;1,8858
08-09-2007;1,9183
08-10-2007;1,9542
08-13-2007;1,9403
08-14-2007;1,9801
08-15-2007;2,0035
08-16-2007;2,1116
08-17-2007;2,0368
08-20-2007;2,0272
08-21-2007;2,0377
08-22-2007;2,0165
08-23-2007;1,9931
08-24-2007;1,9847
08-27-2007;1,9481
08-28-2007;1,9841
08-29-2007;1,9856
08-30-2007;1,9769
08-31-2007;1,9612
09-03-2007;1,9539
09-04-2007;1,952
09-05-2007;1,9632
09-06-2007;1,9537
09-10-2007;1,9583
09-11-2007;1,9296
09-12-2007;1,9117
09-13-2007;1,8983
09-14-2007;1,9023
09-17-2007;1,9115
09-18-2007;1,8952
09-19-2007;1,8631
09-20-2007;1,8629
09-21-2007;1,861
09-24-2007;1,8686
09-25-2007;1,8648
09-26-2007;1,8485
09-27-2007;1,8401
09-28-2007;1,8381
10-01-2007;1,8217
10-02-2007;1,8227
10-03-2007;1,8266
10-04-2007;1,8276
10-05-2007;1,8084
10-08-2007;1,8125
10-09-2007;1,81
10-10-2007;1,804
10-11-2007;1,7912
10-15-2007;1,807
10-16-2007;1,8234
10-17-2007;1,813
10-18-2007;1,8063
10-19-2007;1,7956
10-22-2007;1,8198
10-23-2007;1,7999
10-24-2007;1,7961
10-25-2007;1,7888
10-26-2007;1,7744
10-29-2007;1,7587
10-30-2007;1,7544
10-31-2007;1,7432
11-01-2007;1,7452
11-05-2007;1,7548
11-06-2007;1,7317
11-07-2007;1,7392
11-08-2007;1,7346
11-09-2007;1,7482
11-12-2007;1,7732
11-13-2007;1,7674
11-14-2007;1,737
11-16-2007;1,7406
11-19-2007;1,7585
11-20-2007;1,7639
11-21-2007;1,7858
11-22-2007;1,7739
11-23-2007;1,7954
11-26-2007;1,8102
11-27-2007;1,8493
11-28-2007;1,801
11-29-2007;1,7897
11-30-2007;1,7829
12-03-2007;1,788
12-04-2007;1,8225
12-05-2007;1,7948
12-06-2007;1,7865
12-07-2007;1,7608
12-10-2007;1,7612
12-11-2007;1,7642
12-12-2007;1,7616
12-13-2007;1,7738
12-14-2007;1,7951
12-17-2007;1,8115
12-18-2007;1,8083
12-19-2007;1,8011
12-20-2007;1,8024
12-21-2007;1,7958
12-24-2007;1,7901
12-26-2007;1,7787
12-27-2007;1,7663
12-28-2007;1,7705
12-31-2007;1,7705
01-02-2008;1,7714
01-03-2008;1,7561
01-04-2008;1,7566
01-07-2008;1,7667
01-08-2008;1,7546
01-09-2008;1,7683
01-10-2008;1,762
01-11-2008;1,7528
01-14-2008;1,7406
01-15-2008;1,7442
01-16-2008;1,7622
01-17-2008;1,7679
01-18-2008;1,7842
01-21-2008;1,8293
01-22-2008;1,8033
01-23-2008;1,8139
01-24-2008;1,7875
01-25-2008;1,7904
01-28-2008;1,7898
01-29-2008;1,7754
01-30-2008;1,7794
01-31-2008;1,7595
02-01-2008;1,7443
02-06-2008;1,7523
02-07-2008;1,7619
02-08-2008;1,7673
02-11-2008;1,7593
02-12-2008;1,747
02-13-2008;1,7451
02-14-2008;1,7461
02-15-2008;1,7533
02-18-2008;1,7386
02-19-2008;1,7321
02-20-2008;1,7343
02-21-2008;1,7096
02-22-2008;1,7032
02-25-2008;1,7054
02-26-2008;1,6874
02-27-2008;1,6707
02-28-2008;1,6715
02-29-2008;1,6825
03-03-2008;1,6808
03-04-2008;1,6722
03-05-2008;1,6692
03-06-2008;1,6712
03-07-2008;1,6833
03-10-2008;1,6988
03-11-2008;1,6939
03-12-2008;1,6788
03-13-2008;1,6963
03-14-2008;1,6939
03-17-2008;1,724
03-18-2008;1,6999
03-19-2008;1,7037
03-20-2008;1,7416
03-24-2008;1,7399
03-25-2008;1,7333
03-26-2008;1,728
03-27-2008;1,7337
03-28-2008;1,7448
03-31-2008;1,7483
04-01-2008;1,7526
04-02-2008;1,7265
04-03-2008;1,7244
04-04-2008;1,7109
04-07-2008;1,6982
04-08-2008;1,703
04-09-2008;1,687
04-10-2008;1,6814
04-11-2008;1,6868
04-14-2008;1,6859
04-15-2008;1,6814
04-16-2008;1,6691
04-17-2008;1,658
04-18-2008;1,6685
04-22-2008;1,6567
04-23-2008;1,6574
04-24-2008;1,6679
04-25-2008;1,668
04-28-2008;1,6756
04-29-2008;1,705
04-30-2008;1,6864
05-02-2008;1,6498
05-05-2008;1,657
05-06-2008;1,6607
05-07-2008;1,6733
05-08-2008;1,6928
05-09-2008;1,6941
05-12-2008;1,6735
05-13-2008;1,6575
05-14-2008;1,6633
05-15-2008;1,6593
05-16-2008;1,6426
05-19-2008;1,6452
05-20-2008;1,6562
05-21-2008;1,6484
05-23-2008;1,6539
05-26-2008;1,6602
05-27-2008;1,6673
05-28-2008;1,6622
05-29-2008;1,6488
05-30-2008;1,6286
06-02-2008;1,629
06-03-2008;1,627
06-04-2008;1,6299
06-05-2008;1,6254
06-06-2008;1,6274
06-09-2008;1,6257
06-10-2008;1,6384
06-11-2008;1,642
06-12-2008;1,6392
06-13-2008;1,636
06-16-2008;1,6269
06-17-2008;1,6119
06-18-2008;1,6105
06-19-2008;1,6043
06-20-2008;1,6034
06-23-2008;1,6109
06-24-2008;1,6038
06-25-2008;1,5993
06-26-2008;1,5943
06-27-2008;1,6069
06-30-2008;1,5911
07-01-2008;1,6053
07-02-2008;1,5985
07-03-2008;1,6081
07-04-2008;1,6092
07-07-2008;1,6033
07-08-2008;1,6019
07-09-2008;1,6084
07-10-2008;1,6139
07-11-2008;1,6024
07-14-2008;1,5934
07-15-2008;1,5902
07-16-2008;1,5952
07-17-2008;1,5905
07-18-2008;1,593
07-21-2008;1,581
07-22-2008;1,5803
07-23-2008;1,5826
07-24-2008;1,5773
07-25-2008;1,5737
07-28-2008;1,5746
07-29-2008;1,5722
07-30-2008;1,5633
07-31-2008;1,5658
08-01-2008;1,5585
08-04-2008;1,5651
08-05-2008;1,5724
08-06-2008;1,5774
08-07-2008;1,5835
08-08-2008;1,6128
08-11-2008;1,614
08-12-2008;1,6153
08-13-2008;1,6203
08-14-2008;1,6196
08-15-2008;1,6381
08-18-2008;1,6341
08-19-2008;1,6335
08-20-2008;1,6199
08-21-2008;1,6135
08-22-2008;1,6209
08-25-2008;1,6267
08-26-2008;1,6367
08-27-2008;1,6205
08-28-2008;1,6254
08-29-2008;1,6336
09-01-2008;1,6439
09-02-2008;1,6594
09-03-2008;1,672
09-04-2008;1,7002
09-05-2008;1,7297
09-08-2008;1,7274
09-09-2008;1,7536
09-10-2008;1,785
09-11-2008;1,8247
09-12-2008;1,7904
09-15-2008;1,8117
09-16-2008;1,8402
09-17-2008;1,8652
09-18-2008;1,9151
09-19-2008;1,839
09-22-2008;1,7981
09-23-2008;1,8234
09-24-2008;1,8437
09-25-2008;1,8269
09-26-2008;1,8547
09-29-2008;1,9551
09-30-2008;1,9135
10-01-2008;1,9205
10-02-2008;2,0073
10-03-2008;2,0532
10-06-2008;2,1761
10-07-2008;2,1875
10-08-2008;2,3916
10-09-2008;2,181
10-10-2008;2,2872
10-13-2008;2,1554
10-14-2008;2,0781
10-15-2008;2,1543
10-16-2008;2,1846
10-17-2008;2,1012
10-20-2008;2,1166
10-21-2008;2,1933
10-22-2008;2,3642
10-23-2008;2,3139
10-24-2008;2,3104
10-27-2008;2,2516
10-28-2008;2,1692
10-29-2008;2,1312
10-30-2008;2,1143
10-31-2008;2,1145