Date;Close;log_return
01-03-2000;5,87;0,0000
01-04-2000;5,53;-0,0614
01-05-2000;5,49;-0,0057
01-06-2000;5,48;-0,0034
01-07-2000;5,50;0,0046
01-10-2000;5,61;0,0203
01-11-2000;5,48;-0,0248
01-12-2000;5,38;-0,0185
01-13-2000;5,33;-0,0093
01-14-2000;5,40;0,0140
01-17-2000;5,34;-0,0116
01-18-2000;5,36;0,0047
01-19-2000;5,33;-0,0070
01-20-2000;5,26;-0,0118
01-21-2000;5,20;-0,0119
01-24-2000;5,16;-0,0072
01-26-2000;5,23;0,0120
01-27-2000;5,21;-0,0024
01-28-2000;5,14;-0,0145
01-31-2000;5,10;-0,0073
02-01-2000;5,20;0,0194
02-02-2000;5,30;0,0190
02-03-2000;5,53;0,0416
02-04-2000;5,59;0,0112
02-07-2000;5,68;0,0155
02-08-2000;5,75;0,0131
02-09-2000;5,63;-0,0220
02-10-2000;5,50;-0,0225
02-11-2000;5,20;-0,0561
02-14-2000;5,19;-0,0024
02-15-2000;5,35;0,0308
02-16-2000;5,69;0,0612
02-17-2000;5,63;-0,0110
02-18-2000;5,56;-0,0123
02-21-2000;5,55;-0,0012
02-22-2000;5,53;-0,0045
02-23-2000;5,56;0,0068
02-24-2000;5,71;0,0266
02-25-2000;5,86;0,0259
02-28-2000;5,74;-0,0216
02-29-2000;5,75;0,0022
03-01-2000;5,91;0,0278
03-02-2000;5,74;-0,0300
03-03-2000;6,04;0,0510
03-08-2000;6,18;0,0235
03-09-2000;6,40;0,0346
03-10-2000;6,21;-0,0295
03-13-2000;5,98;-0,0390
03-14-2000;5,81;-0,0276
03-15-2000;5,94;0,0213
03-16-2000;5,93;-0,0021
03-17-2000;5,86;-0,0106
03-20-2000;5,69;-0,0303
03-21-2000;5,80;0,0196
03-22-2000;5,81;0,0024
03-23-2000;5,79;-0,0046
03-24-2000;5,81;0,0044
03-27-2000;6,25;0,0726
03-28-2000;5,99;-0,0429
03-29-2000;5,96;-0,0042
03-30-2000;5,83;-0,0234
03-31-2000;5,90;0,0128
04-03-2000;5,85;-0,0085
04-04-2000;5,82;-0,0054
04-05-2000;6,06;0,0410
04-06-2000;6,15;0,0143
04-07-2000;6,20;0,0081
04-10-2000;6,05;-0,0245
04-11-2000;5,90;-0,0251
04-12-2000;6,03;0,0209
04-13-2000;5,90;-0,0210
04-14-2000;5,57;-0,0568
04-17-2000;5,36;-0,0386
04-18-2000;5,33;-0,0069
04-19-2000;5,09;-0,0457
04-20-2000;5,10;0,0025
04-24-2000;5,00;-0,0198
04-25-2000;5,45;0,0862
04-26-2000;5,38;-0,0139
04-27-2000;5,38;0,0000
04-28-2000;5,38;0,0002
05-02-2000;5,51;0,0250
05-03-2000;5,49;-0,0045
05-04-2000;5,50;0,0023
05-05-2000;5,49;-0,0023
05-08-2000;5,49;0,0011
05-09-2000;5,50;0,0009
05-10-2000;5,40;-0,0181
05-11-2000;5,27;-0,0243
05-12-2000;5,31;0,0068
05-15-2000;5,40;0,0175
05-16-2000;5,58;0,0319
05-17-2000;5,52;-0,0101
05-18-2000;5,54;0,0034
05-19-2000;5,41;-0,0228
05-22-2000;5,26;-0,0293
05-23-2000;5,29;0,0066
05-24-2000;5,23;-0,0126
05-25-2000;5,31;0,0166
05-26-2000;5,25;-0,0116
05-29-2000;5,30;0,0092
05-30-2000;5,32;0,0031
05-31-2000;5,24;-0,0149
06-01-2000;5,49;0,0467
06-02-2000;5,81;0,0576
06-05-2000;5,81;-0,0001
06-06-2000;6,02;0,0349
06-07-2000;6,25;0,0377
06-08-2000;6,28;0,0042
06-09-2000;6,28;-0,0001
06-12-2000;6,24;-0,0060
06-13-2000;6,26;0,0040
06-14-2000;6,16;-0,0161
06-15-2000;6,14;-0,0041
06-16-2000;6,31;0,0281
06-19-2000;6,30;-0,0020
06-20-2000;6,36;0,0099
06-21-2000;6,44;0,0117
06-23-2000;6,44;0,0002
06-26-2000;6,45;0,0017
06-27-2000;6,65;0,0305
06-28-2000;6,81;0,0241
06-29-2000;6,65;-0,0241
06-30-2000;6,81;0,0241
07-03-2000;6,97;0,0227
07-04-2000;7,15;0,0257
07-05-2000;6,98;-0,0248
07-06-2000;6,98;0,0002
07-07-2000;6,71;-0,0395
07-10-2000;6,73;0,0037
07-11-2000;6,34;-0,0601
07-12-2000;6,23;-0,0177
07-13-2000;6,06;-0,0279
07-14-2000;6,25;0,0315
07-17-2000;6,16;-0,0143
07-18-2000;6,13;-0,0059
07-19-2000;6,18;0,0081
07-20-2000;6,50;0,0515
07-21-2000;6,46;-0,0060
07-24-2000;6,31;-0,0235
07-25-2000;6,06;-0,0414
07-26-2000;6,11;0,0084
07-27-2000;6,00;-0,0180
07-28-2000;5,83;-0,0283
07-31-2000;5,85;0,0036
08-01-2000;5,67;-0,0317
08-02-2000;5,79;0,0207
08-03-2000;5,83;0,0071
08-04-2000;5,75;-0,0138
08-07-2000;5,94;0,0329
08-08-2000;5,73;-0,0373
08-09-2000;5,64;-0,0145
08-10-2000;6,24;0,1003
08-11-2000;6,24;0,0000
08-14-2000;6,21;-0,0040
08-15-2000;6,30;0,0140
08-16-2000;6,43;0,0196
08-17-2000;6,65;0,0348
08-18-2000;6,48;-0,0270
08-21-2000;6,37;-0,0165
08-22-2000;6,44;0,0107
08-23-2000;6,59;0,0228
08-24-2000;6,56;-0,0036
08-25-2000;6,69;0,0189
08-28-2000;6,63;-0,0092
08-29-2000;6,78;0,0231
08-30-2000;7,05;0,0389
08-31-2000;6,89;-0,0233
09-01-2000;6,91;0,0027
09-04-2000;6,90;-0,0016
09-05-2000;6,85;-0,0064
09-06-2000;7,11;0,0374
09-08-2000;7,06;-0,0071
09-11-2000;7,21;0,0210
09-12-2000;7,08;-0,0184
09-13-2000;6,90;-0,0261
09-14-2000;6,75;-0,0220
09-15-2000;6,79;0,0057
09-18-2000;6,61;-0,0261
09-19-2000;6,58;-0,0053
09-20-2000;6,69;0,0168
09-21-2000;6,56;-0,0189
09-22-2000;6,47;-0,0138
09-25-2000;6,50;0,0040
09-26-2000;6,65;0,0230
09-27-2000;6,64;-0,0011
09-28-2000;6,61;-0,0047
09-29-2000;6,59;-0,0038
10-02-2000;6,55;-0,0065
10-03-2000;6,58;0,0046
10-04-2000;6,63;0,0076
10-05-2000;6,66;0,0045
10-06-2000;6,48;-0,0274
10-09-2000;6,46;-0,0019
10-10-2000;6,61;0,0220
10-11-2000;6,63;0,0028
10-13-2000;6,71;0,0120
10-16-2000;6,49;-0,0330
10-17-2000;6,19;-0,0473
10-18-2000;6,25;0,0101
10-19-2000;6,36;0,0178
10-20-2000;6,25;-0,0178
10-23-2000;5,99;-0,0419
10-24-2000;5,75;-0,0420
10-25-2000;5,73;-0,0039
10-26-2000;6,11;0,0655
10-27-2000;6,17;0,0096
10-30-2000;6,34;0,0268
10-31-2000;6,33;-0,0020
11-01-2000;6,40;0,0112
11-03-2000;6,26;-0,0213
11-06-2000;6,40;0,0215
11-07-2000;6,53;0,0195
11-08-2000;6,41;-0,0172
11-09-2000;6,25;-0,0259
11-10-2000;6,29;0,0062
11-13-2000;6,35;0,0097
11-14-2000;6,38;0,0039
11-16-2000;6,48;0,0156
11-17-2000;6,49;0,0019
11-20-2000;6,45;-0,0056
11-21-2000;6,53;0,0114
11-22-2000;6,51;-0,0019
11-23-2000;6,38;-0,0213
11-24-2000;6,31;-0,0097
11-27-2000;6,10;-0,0353
11-28-2000;6,05;-0,0074
11-29-2000;6,05;-0,0004
11-30-2000;5,94;-0,0184
12-01-2000;5,90;-0,0063
12-04-2000;5,89;-0,0021
12-05-2000;5,97;0,0145
12-06-2000;5,58;-0,0691
12-07-2000;5,65;0,0131
12-08-2000;5,65;0,0002
12-11-2000;5,62;-0,0055
12-12-2000;5,60;-0,0033
12-13-2000;5,88;0,0479
12-14-2000;5,94;0,0106
12-15-2000;5,91;-0,0044
12-18-2000;5,84;-0,0130
12-19-2000;5,79;-0,0077
12-20-2000;5,68;-0,0198
12-21-2000;5,59;-0,0158
12-22-2000;5,63;0,0067
12-26-2000;5,59;-0,0067
12-27-2000;5,65;0,0111
12-28-2000;5,72;0,0128
01-02-2001;5,89;0,0282
01-03-2001;6,21;0,0529
01-04-2001;6,25;0,0070
01-05-2001;6,19;-0,0094
01-08-2001;6,17;-0,0028
01-09-2001;6,30;0,0208
01-10-2001;6,26;-0,0068
01-11-2001;6,35;0,0141
01-12-2001;6,41;0,0098
01-15-2001;6,41;0,0000
01-16-2001;6,55;0,0218
01-17-2001;6,67;0,0180
01-18-2001;6,76;0,0134
01-19-2001;6,91;0,0214
01-22-2001;6,83;-0,0122
01-23-2001;6,98;0,0219
01-24-2001;6,89;-0,0128
01-26-2001;6,79;-0,0137
01-29-2001;6,80;0,0009
01-30-2001;6,81;0,0009
01-31-2001;6,81;0,0011
02-01-2001;6,73;-0,0131
02-02-2001;6,73;0,0000
02-05-2001;6,70;-0,0037
02-06-2001;6,78;0,0113
02-07-2001;6,76;-0,0018
02-08-2001;6,96;0,0291
02-09-2001;7,00;0,0054
02-12-2001;6,97;-0,0052
02-13-2001;7,13;0,0227
02-14-2001;7,28;0,0210
02-15-2001;7,24;-0,0052
02-16-2001;7,05;-0,0262
02-19-2001;6,96;-0,0136
02-20-2001;7,13;0,0240
02-21-2001;6,98;-0,0204
02-22-2001;7,00;0,0027
02-23-2001;6,96;-0,0054
02-28-2001;6,86;-0,0143
03-01-2001;6,99;0,0179
03-02-2001;7,06;0,0107
03-05-2001;7,11;0,0071
03-06-2001;7,12;0,0009
03-07-2001;7,16;0,0061
03-08-2001;7,16;0,0000
03-09-2001;7,14;-0,0035
03-12-2001;6,82;-0,0462
03-13-2001;6,88;0,0088
03-14-2001;6,75;-0,0183
03-15-2001;6,29;-0,0700
03-16-2001;6,38;0,0142
03-19-2001;6,39;0,0004
03-20-2001;6,24;-0,0236
03-21-2001;6,36;0,0198
03-22-2001;5,99;-0,0607
03-23-2001;6,06;0,0122
03-26-2001;5,94;-0,0206
03-27-2001;6,07;0,0227
03-28-2001;6,04;-0,0058
03-29-2001;5,88;-0,0275
03-30-2001;5,87;-0,0006
04-02-2001;5,62;-0,0440
04-03-2001;5,62;0,0000
04-04-2001;5,79;0,0296
04-05-2001;6,13;0,0567
04-06-2001;6,35;0,0361
04-09-2001;6,39;0,0063
04-10-2001;6,43;0,0064
04-11-2001;6,33;-0,0157
04-12-2001;6,19;-0,0230
04-16-2001;6,07;-0,0186
04-17-2001;6,17;0,0155
04-18-2001;6,48;0,0485
04-19-2001;6,25;-0,0354
04-20-2001;6,04;-0,0346
04-23-2001;6,31;0,0443
04-24-2001;6,48;0,0260
04-25-2001;6,63;0,0225
04-26-2001;6,73;0,0150
04-27-2001;6,68;-0,0073
04-30-2001;6,68;-0,0002
05-02-2001;6,75;0,0108
05-03-2001;6,96;0,0314
05-04-2001;6,94;-0,0036
05-07-2001;6,73;-0,0311
05-08-2001;6,75;0,0037
05-09-2001;6,95;0,0292
05-10-2001;7,16;0,0301
05-11-2001;7,06;-0,0141
05-14-2001;6,98;-0,0125
05-15-2001;6,95;-0,0036
05-16-2001;7,06;0,0161
05-17-2001;7,11;0,0069
05-18-2001;7,25;0,0192
05-21-2001;7,34;0,0123
05-22-2001;7,44;0,0134
05-23-2001;7,46;0,0034
05-24-2001;7,38;-0,0118
05-25-2001;7,24;-0,0188
05-28-2001;7,20;-0,0052
05-29-2001;7,21;0,0017
05-30-2001;7,29;0,0103
05-31-2001;7,48;0,0254
06-01-2001;7,53;0,0075
06-04-2001;7,80;0,0351
06-05-2001;7,63;-0,0227
06-06-2001;7,39;-0,0315
06-07-2001;7,31;-0,0104
06-08-2001;7,21;-0,0138
06-11-2001;7,31;0,0138
06-12-2001;7,21;-0,0138
06-13-2001;7,28;0,0088
06-15-2001;7,09;-0,0261
06-18-2001;7,05;-0,0055
06-19-2001;7,14;0,0123
06-20-2001;7,29;0,0217
06-21-2001;7,34;0,0058
06-22-2001;7,15;-0,0257
06-25-2001;6,99;-0,0230
06-26-2001;6,93;-0,0090
06-27-2001;6,70;-0,0328
06-28-2001;6,62;-0,0128
06-29-2001;6,75;0,0198
07-02-2001;6,58;-0,0261
07-03-2001;6,47;-0,0163
07-04-2001;6,41;-0,0087
07-05-2001;6,50;0,0136
07-06-2001;6,53;0,0038
07-10-2001;6,70;0,0257
07-11-2001;6,81;0,0174
07-12-2001;6,78;-0,0046
07-13-2001;6,73;-0,0083
07-16-2001;6,53;-0,0302
07-17-2001;6,49;-0,0058
07-18-2001;6,30;-0,0291
07-19-2001;6,36;0,0097
07-20-2001;6,63;0,0404
07-23-2001;6,76;0,0196
07-24-2001;6,69;-0,0102
07-25-2001;6,76;0,0112
07-26-2001;6,67;-0,0134
07-27-2001;6,69;0,0022
07-30-2001;6,73;0,0056
07-31-2001;6,78;0,0074
08-01-2001;6,66;-0,0173
08-02-2001;6,49;-0,0262
08-03-2001;6,62;0,0197
08-06-2001;6,69;0,0109
08-07-2001;6,62;-0,0096
08-08-2001;6,61;-0,0017
08-09-2001;6,63;0,0019
08-10-2001;6,67;0,0073
08-13-2001;6,64;-0,0054
08-14-2001;6,73;0,0131
08-15-2001;6,79;0,0094
08-16-2001;6,79;-0,0004
08-17-2001;6,58;-0,0316
08-20-2001;6,53;-0,0067
08-21-2001;6,53;-0,0006
08-22-2001;6,66;0,0195
08-23-2001;6,63;-0,0045
08-24-2001;6,98;0,0524
08-27-2001;7,01;0,0034
08-28-2001;7,00;-0,0009
08-29-2001;6,99;-0,0018
08-30-2001;6,95;-0,0054
08-31-2001;6,88;-0,0109
09-03-2001;6,85;-0,0036
09-04-2001;7,09;0,0341
09-05-2001;7,25;0,0227
09-06-2001;6,98;-0,0385
09-10-2001;6,86;-0,0164
09-11-2001;6,75;-0,0165
09-12-2001;6,91;0,0238
09-13-2001;6,50;-0,0615
09-14-2001;6,38;-0,0194
09-17-2001;6,91;0,0809
09-18-2001;7,06;0,0215
09-19-2001;7,01;-0,0071
09-20-2001;6,73;-0,0419
09-21-2001;6,64;-0,0129
09-24-2001;6,32;-0,0494
09-25-2001;6,15;-0,0271
09-26-2001;6,10;-0,0082
09-27-2001;6,30;0,0323
09-28-2001;6,41;0,0177
10-01-2001;6,18;-0,0367
10-02-2001;6,15;-0,0051
10-03-2001;6,18;0,0041
10-04-2001;6,28;0,0161
10-05-2001;6,28;0,0010
10-08-2001;6,26;-0,0028
10-09-2001;6,36;0,0154
10-10-2001;6,56;0,0311
10-11-2001;6,69;0,0189
10-15-2001;6,88;0,0278
10-16-2001;6,76;-0,0178
10-17-2001;6,72;-0,0054
10-18-2001;6,54;-0,0270
10-19-2001;6,51;-0,0042
10-22-2001;6,67;0,0237
10-23-2001;6,70;0,0047
10-24-2001;6,62;-0,0116
10-25-2001;6,59;-0,0053
10-26-2001;6,59;0,0000
10-29-2001;6,46;-0,0192
10-30-2001;6,36;-0,0166
10-31-2001;6,49;0,0204
11-01-2001;6,36;-0,0195
11-05-2001;6,34;-0,0039
11-06-2001;6,18;-0,0250
11-07-2001;6,25;0,0111
11-08-2001;6,46;0,0325
11-09-2001;6,76;0,0462
11-12-2001;6,44;-0,0489
11-13-2001;6,45;0,0021
11-14-2001;6,18;-0,0438
11-16-2001;5,73;-0,0759
11-19-2001;5,85;0,0214
11-20-2001;5,96;0,0193
11-21-2001;6,10;0,0228
11-22-2001;6,36;0,0413
11-23-2001;6,24;-0,0191
11-26-2001;6,15;-0,0141
11-27-2001;6,17;0,0039
11-28-2001;6,05;-0,0202
11-29-2001;6,05;0,0002
11-30-2001;6,14;0,0142
12-03-2001;6,39;0,0395
12-04-2001;6,33;-0,0083
12-05-2001;6,51;0,0271
12-06-2001;6,36;-0,0233
12-07-2001;6,21;-0,0239
12-10-2001;6,13;-0,0122
12-11-2001;6,08;-0,0082
12-12-2001;6,04;-0,0072
12-13-2001;5,92;-0,0199
12-14-2001;5,94;0,0032
12-17-2001;5,89;-0,0085
12-18-2001;6,03;0,0231
12-19-2001;6,13;0,0165
12-20-2001;5,99;-0,0229
12-21-2001;6,03;0,0079
12-26-2001;6,15;0,0191
12-27-2001;6,34;0,0300
12-28-2001;6,39;0,0088
01-02-2002;6,41;0,0020
01-03-2002;6,45;0,0068
01-04-2002;6,41;-0,0062
01-07-2002;6,55;0,0216
01-08-2002;6,50;-0,0080
01-09-2002;6,41;-0,0132
01-10-2002;6,37;-0,0065
01-11-2002;6,28;-0,0152
01-14-2002;6,04;-0,0375
01-15-2002;6,01;-0,0060
01-16-2002;6,01;0,0008
01-17-2002;6,10;0,0144
01-18-2002;6,12;0,0027
01-21-2002;6,04;-0,0130
01-22-2002;6,00;-0,0062
01-23-2002;5,96;-0,0063
01-24-2002;5,87;-0,0154
01-28-2002;6,08;0,0349
01-29-2002;5,96;-0,0193
01-30-2002;5,95;-0,0023
01-31-2002;6,01;0,0104
02-01-2002;6,03;0,0021
02-04-2002;5,99;-0,0062
02-05-2002;5,99;-0,0004
02-06-2002;6,09;0,0170
02-07-2002;6,04;-0,0082
02-08-2002;5,95;-0,0154
02-13-2002;6,20;0,0420
02-14-2002;6,25;0,0080
02-15-2002;6,29;0,0070
02-18-2002;6,23;-0,0110
02-19-2002;6,23;0,0000
02-20-2002;6,27;0,0070
02-21-2002;6,38;0,0178
02-22-2002;6,49;0,0165
02-25-2002;6,63;0,0221
02-26-2002;6,73;0,0139
02-27-2002;6,92;0,0291
02-28-2002;7,01;0,0127
03-01-2002;7,24;0,0316
03-04-2002;7,30;0,0086
03-05-2002;7,13;-0,0243
03-06-2002;7,03;-0,0141
03-07-2002;7,06;0,0053
03-08-2002;7,04;-0,0037
03-11-2002;7,14;0,0145
03-12-2002;7,21;0,0094
03-13-2002;7,26;0,0078
03-14-2002;7,35;0,0118
03-15-2002;7,50;0,0205
03-18-2002;7,54;0,0048
03-19-2002;7,54;0,0000
03-20-2002;7,48;-0,0083
03-21-2002;7,35;-0,0169
03-22-2002;7,30;-0,0068
03-25-2002;7,09;-0,0295
03-26-2002;7,18;0,0131
03-27-2002;7,26;0,0113
03-28-2002;7,22;-0,0060
04-01-2002;7,38;0,0216
04-02-2002;7,29;-0,0121
04-03-2002;7,23;-0,0086
04-04-2002;7,25;0,0035
04-05-2002;7,15;-0,0139
04-08-2002;7,23;0,0104
04-09-2002;6,98;-0,0340
04-10-2002;7,00;0,0023
04-11-2002;6,96;-0,0054
04-12-2002;6,90;-0,0087
04-15-2002;6,96;0,0088
04-16-2002;7,01;0,0072
04-17-2002;7,11;0,0140
04-18-2002;7,05;-0,0085
04-19-2002;6,99;-0,0089
04-22-2002;6,96;-0,0039
04-23-2002;7,00;0,0054
04-24-2002;7,04;0,0053
04-25-2002;6,92;-0,0170
04-26-2002;6,77;-0,0214
04-29-2002;6,88;0,0150
04-30-2002;6,87;-0,0015
05-02-2002;6,65;-0,0320
05-03-2002;6,77;0,0184
05-06-2002;6,64;-0,0201
05-07-2002;6,63;-0,0019
05-08-2002;6,83;0,0297
05-09-2002;6,70;-0,0183
05-10-2002;6,62;-0,0116
05-13-2002;6,46;-0,0250
05-14-2002;6,55;0,0138
05-15-2002;6,50;-0,0077
05-16-2002;6,75;0,0377
05-17-2002;6,76;0,0019
05-20-2002;6,88;0,0165
05-21-2002;6,93;0,0072
05-22-2002;6,90;-0,0036
05-23-2002;7,04;0,0197
05-24-2002;7,01;-0,0036
05-27-2002;6,99;-0,0036
05-28-2002;6,98;-0,0018
05-29-2002;6,92;-0,0086
05-31-2002;6,82;-0,0146
06-03-2002;6,81;-0,0004
06-04-2002;6,94;0,0182
06-05-2002;6,93;-0,0018
06-06-2002;6,78;-0,0219
06-07-2002;6,67;-0,0151
06-10-2002;6,73;0,0077
06-11-2002;6,63;-0,0150
06-12-2002;6,52;-0,0162
06-13-2002;6,39;-0,0194
06-14-2002;6,17;-0,0362
06-17-2002;6,21;0,0069
06-18-2002;6,16;-0,0085
06-19-2002;6,06;-0,0153
06-20-2002;5,73;-0,0573
06-21-2002;5,28;-0,0819
06-24-2002;5,48;0,0374
06-25-2002;5,71;0,0422
06-26-2002;6,08;0,0626
06-27-2002;6,20;0,0191
06-28-2002;6,14;-0,0099
07-01-2002;6,00;-0,0227
07-02-2002;5,91;-0,0149
07-03-2002;5,85;-0,0102
07-04-2002;5,87;0,0030
07-05-2002;5,80;-0,0111
07-08-2002;5,73;-0,0130
07-10-2002;5,60;-0,0227
07-11-2002;5,63;0,0045
07-12-2002;5,67;0,0080
07-15-2002;5,55;-0,0214
07-16-2002;5,63;0,0134
07-17-2002;5,72;0,0159
07-18-2002;5,59;-0,0226
07-19-2002;5,51;-0,0144
07-22-2002;5,13;-0,0720
07-23-2002;5,00;-0,0247
07-24-2002;5,25;0,0486
07-25-2002;5,08;-0,0324
07-26-2002;4,87;-0,0425
07-29-2002;4,81;-0,0119
07-30-2002;4,89;0,0155
07-31-2002;5,11;0,0453
08-01-2002;5,24;0,0239
08-02-2002;5,41;0,0329
08-05-2002;5,15;-0,0490
08-06-2002;5,16;0,0017
08-07-2002;5,18;0,0024
08-08-2002;5,51;0,0632
08-09-2002;5,63;0,0202
08-12-2002;5,39;-0,0424
08-13-2002;5,09;-0,0582
08-14-2002;5,05;-0,0072
08-15-2002;5,11;0,0111
08-16-2002;5,09;-0,0025
08-19-2002;4,99;-0,0211
08-20-2002;4,93;-0,0126
08-21-2002;5,00;0,0151
08-22-2002;5,14;0,0274
08-23-2002;5,16;0,0046
08-26-2002;5,34;0,0333
08-27-2002;5,48;0,0266
08-28-2002;5,47;-0,0023
08-29-2002;5,45;-0,0034
08-30-2002;5,50;0,0091
09-02-2002;5,51;0,0025
09-03-2002;5,59;0,0133
09-04-2002;5,66;0,0133
09-05-2002;5,63;-0,0066
09-06-2002;5,68;0,0095
09-09-2002;5,73;0,0081
09-10-2002;5,86;0,0237
09-11-2002;5,93;0,0112
09-12-2002;5,93;-0,0006
09-13-2002;6,01;0,0149
09-16-2002;5,90;-0,0191
09-17-2002;5,63;-0,0473
09-18-2002;5,56;-0,0116
09-19-2002;5,33;-0,0436
09-20-2002;5,46;0,0255
09-23-2002;5,29;-0,0328
09-24-2002;5,16;-0,0249
09-25-2002;4,98;-0,0345
09-26-2002;4,96;-0,0038
09-27-2002;4,50;-0,0981
09-30-2002;4,61;0,0250
10-01-2002;4,96;0,0724
10-02-2002;4,95;-0,0018
10-03-2002;5,09;0,0272
10-04-2002;5,08;-0,0010
10-07-2002;4,88;-0,0402
10-08-2002;4,94;0,0115
10-09-2002;4,90;-0,0076
10-10-2002;4,80;-0,0209
10-11-2002;4,63;-0,0355
10-14-2002;4,39;-0,0526
10-15-2002;4,40;0,0003
10-16-2002;4,40;0,0011
10-17-2002;4,79;0,0844
10-18-2002;4,88;0,0181
10-21-2002;4,91;0,0064
10-22-2002;4,99;0,0164
10-23-2002;5,28;0,0560
10-24-2002;5,39;0,0209
10-25-2002;5,43;0,0074
10-28-2002;5,25;-0,0330
10-29-2002;5,18;-0,0144
10-30-2002;5,44;0,0495
10-31-2002;5,54;0,0182
11-01-2002;5,52;-0,0025
11-04-2002;5,35;-0,0317
11-05-2002;5,28;-0,0144
11-06-2002;5,21;-0,0122
11-07-2002;5,38;0,0309
11-08-2002;5,45;0,0139
11-11-2002;5,49;0,0078
11-12-2002;5,39;-0,0188
11-13-2002;5,29;-0,0190
11-14-2002;5,43;0,0266
11-18-2002;5,51;0,0148
11-19-2002;5,47;-0,0080
11-20-2002;5,59;0,0224
11-21-2002;5,74;0,0254
11-22-2002;5,66;-0,0129
11-25-2002;5,52;-0,0255
11-26-2002;5,41;-0,0201
11-27-2002;5,39;-0,0042
11-28-2002;5,38;-0,0023
11-29-2002;5,56;0,0332
12-02-2002;5,60;0,0078
12-03-2002;5,64;0,0065
12-04-2002;5,63;-0,0020
12-05-2002;5,56;-0,0112
12-06-2002;5,56;-0,0002
12-09-2002;5,48;-0,0156
12-10-2002;5,43;-0,0092
12-11-2002;5,53;0,0183
12-12-2002;5,65;0,0224
12-13-2002;5,64;-0,0022
12-16-2002;5,63;-0,0011
12-17-2002;5,64;0,0013
12-18-2002;5,64;0,0002
12-19-2002;5,90;0,0451
12-20-2002;6,09;0,0313
12-23-2002;6,10;0,0012
12-26-2002;5,99;-0,0170
12-27-2002;5,83;-0,0273
12-30-2002;5,80;-0,0054
01-02-2003;5,89;0,0150
01-03-2003;5,86;-0,0043
01-06-2003;6,13;0,0438
01-07-2003;6,01;-0,0183
01-08-2003;6,03;0,0019
01-09-2003;6,27;0,0397
01-10-2003;6,56;0,0460
01-13-2003;6,54;-0,0031
01-14-2003;6,58;0,0048
01-15-2003;6,54;-0,0057
01-16-2003;6,59;0,0076
01-17-2003;6,33;-0,0407
01-20-2003;6,29;-0,0059
01-21-2003;6,23;-0,0090
01-22-2003;5,91;-0,0536
01-23-2003;5,93;0,0036
01-24-2003;5,64;-0,0499
01-27-2003;5,66;0,0031
01-28-2003;5,58;-0,0133
01-29-2003;5,88;0,0513
01-30-2003;5,92;0,0081
01-31-2003;5,94;0,0027
02-03-2003;6,01;0,0119
02-04-2003;5,86;-0,0248
02-05-2003;5,86;-0,0011
02-06-2003;5,68;-0,0303
02-07-2003;5,63;-0,0100
02-10-2003;5,88;0,0435
02-11-2003;5,80;-0,0128
02-12-2003;5,86;0,0097
02-13-2003;5,78;-0,0140
02-14-2003;5,73;-0,0072
02-17-2003;5,78;0,0072
02-18-2003;5,74;-0,0061
02-19-2003;5,68;-0,0103
02-20-2003;5,56;-0,0211
02-21-2003;5,64;0,0134
02-24-2003;5,45;-0,0338
02-25-2003;5,33;-0,0230
02-26-2003;5,21;-0,0228
02-27-2003;5,24;0,0060
02-28-2003;5,34;0,0187
03-05-2003;5,20;-0,0256
03-06-2003;5,37;0,0326
03-07-2003;5,51;0,0255
03-10-2003;5,40;-0,0206
03-11-2003;5,63;0,0408
03-12-2003;5,79;0,0285
03-13-2003;5,73;-0,0098
03-14-2003;5,76;0,0054
03-17-2003;5,74;-0,0043
03-18-2003;5,95;0,0364
03-19-2003;5,98;0,0042
03-20-2003;6,09;0,0187
03-21-2003;6,03;-0,0103
03-24-2003;5,87;-0,0267
03-25-2003;5,98;0,0194
03-26-2003;5,91;-0,0116
03-27-2003;5,93;0,0021
03-28-2003;5,81;-0,0192
03-31-2003;5,80;-0,0022
04-01-2003;5,95;0,0255
04-02-2003;6,04;0,0144
04-03-2003;6,11;0,0126
04-04-2003;6,13;0,0029
04-07-2003;5,98;-0,0254
04-08-2003;5,73;-0,0430
04-09-2003;5,76;0,0065
04-10-2003;5,78;0,0022
04-11-2003;5,79;0,0032
04-14-2003;5,78;-0,0022
04-15-2003;5,84;0,0097
04-16-2003;5,80;-0,0064
04-17-2003;5,94;0,0234
04-22-2003;6,03;0,0146
04-23-2003;6,08;0,0095
04-24-2003;5,99;-0,0147
04-25-2003;5,93;-0,0115
04-28-2003;5,98;0,0097
04-29-2003;6,11;0,0215
04-30-2003;6,24;0,0200
05-02-2003;6,34;0,0161
05-05-2003;6,45;0,0176
05-06-2003;6,43;-0,0039
05-07-2003;6,51;0,0135
05-08-2003;6,39;-0,0190
05-09-2003;6,56;0,0264
05-12-2003;6,69;0,0191
05-13-2003;6,79;0,0158
05-14-2003;6,74;-0,0081
05-15-2003;6,81;0,0109
05-16-2003;6,78;-0,0046
05-19-2003;6,56;-0,0328
05-20-2003;6,64;0,0114
05-21-2003;6,68;0,0066
05-22-2003;6,73;0,0065
05-23-2003;6,63;-0,0150
05-26-2003;6,51;-0,0181
05-27-2003;6,66;0,0235
05-28-2003;6,70;0,0060
05-29-2003;6,59;-0,0167
05-30-2003;6,60;0,0013
06-02-2003;6,56;-0,0065
06-03-2003;6,55;-0,0010
06-04-2003;6,75;0,0301
06-05-2003;6,74;-0,0019
06-06-2003;6,79;0,0074
06-09-2003;6,73;-0,0083
06-10-2003;6,59;-0,0216
06-11-2003;6,69;0,0160
06-12-2003;6,79;0,0148
06-13-2003;6,77;-0,0042
06-16-2003;6,78;0,0024
06-17-2003;6,79;0,0009
06-18-2003;6,69;-0,0147
06-20-2003;6,39;-0,0461
06-23-2003;6,20;-0,0296
06-24-2003;6,32;0,0192
06-25-2003;6,27;-0,0089
06-26-2003;6,27;0,0006
06-27-2003;6,34;0,0117
06-30-2003;6,36;0,0031
07-01-2003;6,42;0,0096
07-02-2003;6,46;0,0062
07-03-2003;6,47;0,0015
07-04-2003;6,62;0,0229
07-07-2003;6,79;0,0244
07-08-2003;6,85;0,0092
07-10-2003;6,89;0,0055
07-11-2003;6,79;-0,0141
07-14-2003;6,88;0,0132
07-15-2003;7,03;0,0207
07-16-2003;6,99;-0,0048
07-17-2003;7,03;0,0048
07-18-2003;7,16;0,0185
07-21-2003;7,16;0,0007
07-22-2003;7,20;0,0054
07-23-2003;7,17;-0,0049
07-24-2003;7,05;-0,0162
07-25-2003;7,00;-0,0071
07-28-2003;7,06;0,0089
07-29-2003;7,10;0,0053
07-30-2003;7,04;-0,0087
07-31-2003;7,06;0,0034
08-01-2003;6,73;-0,0490
08-04-2003;6,71;-0,0028
08-05-2003;6,84;0,0194
08-06-2003;6,81;-0,0037
08-07-2003;7,03;0,0316
08-08-2003;7,22;0,0263
08-11-2003;7,25;0,0047
08-12-2003;7,28;0,0040
08-13-2003;7,28;-0,0009
08-14-2003;7,44;0,0221
08-15-2003;7,29;-0,0202
08-18-2003;7,37;0,0111
08-19-2003;7,20;-0,0228
08-20-2003;7,21;0,0003
08-21-2003;7,26;0,0069
08-22-2003;7,24;-0,0026
08-25-2003;7,14;-0,0136
08-26-2003;7,21;0,0103
08-27-2003;7,41;0,0263
08-28-2003;7,41;0,0000
08-29-2003;7,60;0,0258
09-01-2003;7,51;-0,0116
09-02-2003;7,50;-0,0017
09-03-2003;7,69;0,0255
09-04-2003;7,96;0,0342
09-05-2003;8,10;0,0176
09-08-2003;8,09;-0,0019
09-09-2003;7,88;-0,0260
09-10-2003;8,01;0,0167
09-11-2003;8,05;0,0047
09-12-2003;8,04;-0,0016
09-15-2003;7,86;-0,0220
09-16-2003;7,91;0,0055
09-17-2003;7,88;-0,0040
09-18-2003;7,89;0,0016
09-19-2003;7,85;-0,0048
09-22-2003;7,71;-0,0178
09-23-2003;7,59;-0,0154
09-24-2003;7,66;0,0092
09-25-2003;7,53;-0,0174
09-26-2003;7,54;0,0017
09-29-2003;7,63;0,0107
09-30-2003;7,58;-0,0058
10-01-2003;7,81;0,0300
10-02-2003;8,08;0,0340
10-03-2003;8,23;0,0175
10-06-2003;8,28;0,0061
10-07-2003;8,25;-0,0030
10-08-2003;8,33;0,0090
10-09-2003;8,36;0,0045
10-10-2003;8,31;-0,0058
10-13-2003;8,54;0,0264
10-14-2003;8,38;-0,0183
10-15-2003;8,24;-0,0173
10-16-2003;8,20;-0,0052
10-17-2003;8,08;-0,0148
10-20-2003;8,09;0,0014
10-21-2003;8,09;0,0006
10-22-2003;7,96;-0,0160
10-23-2003;7,84;-0,0158
10-24-2003;7,94;0,0135
10-27-2003;7,99;0,0055
10-28-2003;8,11;0,0148
10-29-2003;8,04;-0,0085
10-30-2003;7,94;-0,0124
10-31-2003;7,88;-0,0081
11-03-2003;8,11;0,0297
11-04-2003;8,08;-0,0040
11-05-2003;7,89;-0,0233
11-06-2003;8,15;0,0319
11-07-2003;8,16;0,0015
11-10-2003;8,08;-0,0105
11-11-2003;8,18;0,0128
11-12-2003;8,34;0,0189
11-13-2003;8,41;0,0084
11-14-2003;8,59;0,0212
11-17-2003;8,42;-0,0198
11-18-2003;8,55;0,0155
11-19-2003;8,59;0,0051
11-20-2003;8,61;0,0016
11-21-2003;8,58;-0,0031
11-24-2003;8,58;0,0000
11-25-2003;8,69;0,0126
11-26-2003;8,25;-0,0520
11-27-2003;8,33;0,0098
11-28-2003;8,36;0,0034
12-01-2003;8,51;0,0181
12-02-2003;8,58;0,0080
12-03-2003;8,50;-0,0095
12-04-2003;8,54;0,0041
12-05-2003;8,58;0,0047
12-08-2003;8,59;0,0022
12-09-2003;8,92;0,0371
12-10-2003;8,89;-0,0028
12-11-2003;9,13;0,0262
12-12-2003;9,03;-0,0107
12-15-2003;8,96;-0,0081
12-16-2003;9,05;0,0094
12-17-2003;9,26;0,0238
12-18-2003;9,43;0,0182
12-19-2003;9,46;0,0032
12-22-2003;9,69;0,0234
12-23-2003;9,49;-0,0207
12-26-2003;9,37;-0,0130
12-29-2003;9,56;0,0201
12-30-2003;9,55;-0,0005
01-02-2004;9,90;0,0360
01-05-2004;10,48;0,0569
01-06-2004;11,03;0,0507
01-07-2004;10,91;-0,0106
01-08-2004;10,84;-0,0060
01-09-2004;10,73;-0,0110
01-12-2004;10,74;0,0012
01-13-2004;10,85;0,0104
01-14-2004;10,52;-0,0308
01-15-2004;10,31;-0,0200
01-16-2004;10,50;0,0180
01-19-2004;10,77;0,0254
01-20-2004;10,99;0,0200
01-21-2004;10,79;-0,0183
01-22-2004;10,60;-0,0173
01-23-2004;10,64;0,0033
01-26-2004;10,85;0,0197
01-27-2004;10,79;-0,0058
01-28-2004;10,75;-0,0035
01-29-2004;10,13;-0,0599
01-30-2004;9,79;-0,0340
02-02-2004;9,80;0,0014
02-03-2004;10,00;0,0202
02-04-2004;9,79;-0,0216
02-05-2004;9,73;-0,0063
02-06-2004;10,20;0,0479
02-09-2004;10,19;-0,0015
02-10-2004;10,49;0,0290
02-11-2004;10,90;0,0383
02-12-2004;10,89;-0,0003
02-13-2004;10,72;-0,0157
02-16-2004;10,54;-0,0172
02-17-2004;10,66;0,0114
02-18-2004;10,59;-0,0071
02-19-2004;10,11;-0,0466
02-20-2004;10,11;0,0007
02-25-2004;10,29;0,0172
02-26-2004;10,14;-0,0144
02-27-2004;10,25;0,0108
03-01-2004;10,65;0,0383
03-02-2004;10,63;-0,0021
03-03-2004;10,75;0,0115
03-04-2004;10,62;-0,0123
03-05-2004;10,71;0,0086
03-08-2004;10,79;0,0072
03-09-2004;10,80;0,0012
03-10-2004;10,34;-0,0438
03-11-2004;10,16;-0,0171
03-12-2004;10,43;0,0263
03-15-2004;10,10;-0,0325
03-16-2004;10,15;0,0051
03-17-2004;10,33;0,0176
03-18-2004;10,74;0,0386
03-19-2004;10,47;-0,0249
03-22-2004;10,35;-0,0119
03-23-2004;10,23;-0,0122
03-24-2004;10,20;-0,0023
03-25-2004;10,26;0,0060
03-26-2004;10,34;0,0072
03-29-2004;10,33;-0,0005
03-30-2004;10,41;0,0071
03-31-2004;10,69;0,0268
04-01-2004;10,66;-0,0030
04-02-2004;10,81;0,0147
04-05-2004;10,67;-0,0129
04-06-2004;10,73;0,0048
04-07-2004;10,68;-0,0047
04-08-2004;10,87;0,0184
04-12-2004;11,06;0,0172
04-13-2004;10,94;-0,0115
04-14-2004;10,75;-0,0176
04-15-2004;10,63;-0,0112
04-16-2004;10,58;-0,0041
04-19-2004;10,49;-0,0089
04-20-2004;10,15;-0,0327
04-22-2004;10,11;-0,0037
04-23-2004;10,22;0,0108
04-26-2004;10,03;-0,0195
04-27-2004;10,15;0,0124
04-28-2004;9,88;-0,0270
04-29-2004;9,38;-0,0525
04-30-2004;9,34;-0,0040
05-03-2004;9,43;0,0093
05-04-2004;9,76;0,0352
05-05-2004;9,94;0,0178
05-06-2004;9,28;-0,0689
05-07-2004;8,95;-0,0358
05-10-2004;8,61;-0,0384
05-11-2004;9,29;0,0756
05-12-2004;9,26;-0,0027
05-13-2004;9,40;0,0146
05-14-2004;9,15;-0,0270
05-17-2004;8,83;-0,0355
05-18-2004;8,90;0,0078
05-19-2004;8,91;0,0010
05-20-2004;8,64;-0,0309
05-21-2004;8,40;-0,0277
05-24-2004;8,93;0,0605
05-25-2004;8,81;-0,0127
05-26-2004;8,79;-0,0023
05-27-2004;9,02;0,0260
05-28-2004;8,88;-0,0166
05-31-2004;8,97;0,0109
06-01-2004;9,23;0,0278
06-02-2004;9,21;-0,0014
06-03-2004;9,09;-0,0137
06-04-2004;9,10;0,0012
06-07-2004;9,31;0,0227
06-08-2004;9,16;-0,0157
06-09-2004;9,05;-0,0124
06-11-2004;9,05;0,0000
06-14-2004;9,08;0,0028
06-15-2004;9,33;0,0278
06-16-2004;9,37;0,0040
06-17-2004;9,41;0,0045
06-18-2004;9,36;-0,0052
06-21-2004;9,24;-0,0128
06-22-2004;9,35;0,0113
06-23-2004;9,71;0,0382
06-24-2004;9,70;-0,0013
06-25-2004;9,51;-0,0195
06-28-2004;9,38;-0,0146
06-29-2004;9,46;0,0086
06-30-2004;9,66;0,0217
07-01-2004;9,61;-0,0053
07-02-2004;9,60;-0,0013
07-05-2004;9,55;-0,0057
07-06-2004;9,43;-0,0121
07-07-2004;9,29;-0,0152
07-08-2004;9,26;-0,0027
07-12-2004;9,34;0,0081
07-13-2004;9,29;-0,0054
07-14-2004;9,27;-0,0020
07-15-2004;9,58;0,0325
07-16-2004;9,80;0,0230
07-19-2004;9,67;-0,0127
07-20-2004;9,60;-0,0077
07-21-2004;9,54;-0,0059
07-22-2004;9,38;-0,0177
07-23-2004;9,35;-0,0028
07-26-2004;9,25;-0,0108
07-27-2004;9,46;0,0227
07-28-2004;9,64;0,0183
07-29-2004;9,80;0,0171
07-30-2004;9,76;-0,0042
08-02-2004;9,74;-0,0021
08-03-2004;9,71;-0,0031
08-04-2004;9,83;0,0115
08-05-2004;9,64;-0,0187
08-06-2004;9,78;0,0136
08-09-2004;9,76;-0,0013
08-10-2004;9,95;0,0190
08-11-2004;9,97;0,0019
08-12-2004;10,05;0,0080
08-13-2004;9,94;-0,0111
08-16-2004;9,99;0,0056
08-17-2004;9,99;-0,0006
08-18-2004;10,09;0,0106
08-19-2004;10,25;0,0154
08-20-2004;10,58;0,0318
08-23-2004;10,49;-0,0087
08-24-2004;10,46;-0,0032
08-25-2004;10,53;0,0071
08-26-2004;10,33;-0,0195
08-27-2004;10,34;0,0013
08-30-2004;10,25;-0,0089
08-31-2004;10,25;0,0000
09-01-2004;10,26;0,0010
09-02-2004;10,41;0,0148
09-03-2004;10,40;-0,0012
09-06-2004;10,41;0,0008
09-08-2004;10,53;0,0117
09-09-2004;10,57;0,0038
09-10-2004;10,50;-0,0066
09-13-2004;10,50;-0,0001
09-14-2004;10,65;0,0142
09-15-2004;10,65;-0,0004
09-16-2004;10,78;0,0120
09-17-2004;10,91;0,0125
09-20-2004;10,95;0,0039
09-21-2004;11,12;0,0151
09-22-2004;11,06;-0,0054
09-23-2004;11,37;0,0280
09-24-2004;11,52;0,0127
09-27-2004;11,62;0,0088
09-28-2004;11,73;0,0095
09-29-2004;11,71;-0,0019
09-30-2004;11,73;0,0019
10-01-2004;11,75;0,0017
10-04-2004;11,81;0,0053
10-05-2004;12,05;0,0199
10-06-2004;12,07;0,0017
10-07-2004;12,14;0,0061
10-08-2004;12,10;-0,0036
10-11-2004;11,96;-0,0120
10-13-2004;11,49;-0,0400
10-14-2004;11,41;-0,0071
10-15-2004;11,63;0,0192
10-18-2004;11,86;0,0200
10-19-2004;11,56;-0,0256
10-20-2004;11,61;0,0042
10-21-2004;11,79;0,0152
10-22-2004;11,85;0,0052
10-25-2004;11,86;0,0012
10-26-2004;11,71;-0,0134
10-27-2004;11,79;0,0068
10-28-2004;11,62;-0,0139
10-29-2004;11,68;0,0049
11-01-2004;11,74;0,0046
11-03-2004;11,71;-0,0025
11-04-2004;11,78;0,0059
11-05-2004;11,98;0,0168
11-08-2004;11,83;-0,0126
11-09-2004;11,73;-0,0080
11-10-2004;11,90;0,0143
11-11-2004;11,94;0,0037
11-12-2004;11,98;0,0026
11-16-2004;11,41;-0,0481
11-17-2004;11,51;0,0081
11-18-2004;11,36;-0,0125
11-19-2004;11,31;-0,0044
11-22-2004;11,46;0,0131
11-23-2004;11,26;-0,0175
11-24-2004;11,20;-0,0056
11-25-2004;11,80;0,0522
11-26-2004;11,73;-0,0062
11-29-2004;11,53;-0,0169
11-30-2004;11,61;0,0070
12-01-2004;11,96;0,0297
12-02-2004;11,74;-0,0190
12-03-2004;11,66;-0,0063
12-06-2004;11,77;0,0090
12-07-2004;11,61;-0,0134
12-08-2004;11,62;0,0004
12-09-2004;11,30;-0,0276
12-10-2004;11,49;0,0163
12-13-2004;11,56;0,0065
12-14-2004;11,66;0,0085
12-15-2004;11,73;0,0055
12-16-2004;11,95;0,0190
12-17-2004;11,84;-0,0092
12-20-2004;11,83;-0,0013
12-21-2004;12,09;0,0225
12-22-2004;11,91;-0,0151
12-23-2004;12,08;0,0141
12-27-2004;12,10;0,0011
12-28-2004;12,11;0,0014
12-29-2004;12,24;0,0101
12-30-2004;12,14;-0,0075
01-03-2005;11,78;-0,0308
01-04-2005;11,64;-0,0120
01-05-2005;11,59;-0,0039
01-06-2005;11,63;0,0030
01-07-2005;11,68;0,0044
01-10-2005;11,53;-0,0130
01-11-2005;11,65;0,0108
01-12-2005;11,59;-0,0054
01-13-2005;11,70;0,0098
01-14-2005;11,76;0,0052
01-17-2005;11,69;-0,0064
01-18-2005;11,56;-0,0108
01-19-2005;11,63;0,0059
01-20-2005;11,37;-0,0228
01-21-2005;11,39;0,0016
01-24-2005;11,54;0,0130
01-26-2005;11,78;0,0205
01-27-2005;11,75;-0,0021
01-28-2005;11,60;-0,0128
01-31-2005;11,79;0,0160
02-01-2005;11,73;-0,0053
02-02-2005;11,90;0,0148
02-03-2005;12,03;0,0104
02-04-2005;12,16;0,0114
02-09-2005;12,70;0,0433
02-10-2005;12,64;-0,0045
02-11-2005;12,85;0,0161
02-14-2005;12,73;-0,0092
02-15-2005;12,63;-0,0079
02-16-2005;12,81;0,0142
02-17-2005;12,84;0,0019
02-18-2005;12,84;0,0000
02-21-2005;13,00;0,0126
02-22-2005;13,10;0,0077
02-23-2005;13,38;0,0208
02-24-2005;13,83;0,0331
02-25-2005;14,13;0,0219
02-28-2005;13,90;-0,0162
03-01-2005;13,33;-0,0420
03-02-2005;13,71;0,0281
03-03-2005;14,19;0,0341
03-04-2005;14,41;0,0157
03-07-2005;14,47;0,0039
03-08-2005;14,30;-0,0117
03-09-2005;14,05;-0,0176
03-10-2005;13,68;-0,0271
03-11-2005;13,45;-0,0166
03-14-2005;13,35;-0,0075
03-15-2005;13,00;-0,0266
03-16-2005;13,28;0,0209
03-17-2005;13,41;0,0102
03-18-2005;13,25;-0,0121
03-21-2005;13,21;-0,0028
03-22-2005;12,85;-0,0277
03-23-2005;12,66;-0,0148
03-24-2005;12,83;0,0128
03-28-2005;12,59;-0,0182
03-29-2005;12,40;-0,0155
03-30-2005;12,68;0,0219
03-31-2005;12,89;0,0171
04-01-2005;12,99;0,0072
04-04-2005;12,99;0,0000
04-05-2005;12,66;-0,0252
04-06-2005;12,65;-0,0011
04-07-2005;12,68;0,0024
04-08-2005;12,50;-0,0143
04-11-2005;12,56;0,0050
04-12-2005;12,50;-0,0050
04-13-2005;12,25;-0,0202
04-14-2005;11,92;-0,0272
04-15-2005;11,73;-0,0166
04-18-2005;11,61;-0,0097
04-19-2005;12,00;0,0328
04-20-2005;11,84;-0,0130
04-22-2005;11,64;-0,0176
04-25-2005;11,99;0,0295
04-26-2005;12,11;0,0105
04-27-2005;11,78;-0,0283
04-28-2005;11,49;-0,0247
04-29-2005;11,81;0,0279
05-02-2005;11,78;-0,0032
05-03-2005;11,73;-0,0040
05-04-2005;11,90;0,0149
05-05-2005;12,13;0,0184
05-06-2005;12,34;0,0177
05-09-2005;12,36;0,0017
05-10-2005;12,09;-0,0225
05-11-2005;12,11;0,0021
05-12-2005;11,88;-0,0198
05-13-2005;11,56;-0,0267
05-16-2005;11,72;0,0135
05-17-2005;12,02;0,0252
05-18-2005;12,14;0,0098
05-19-2005;12,25;0,0093
05-20-2005;12,28;0,0019
05-23-2005;12,02;-0,0211
05-24-2005;12,24;0,0180
05-25-2005;12,33;0,0076
05-27-2005;12,60;0,0216
05-30-2005;12,66;0,0049
05-31-2005;12,57;-0,0074
06-01-2005;12,95;0,0299
06-02-2005;13,01;0,0048
06-03-2005;13,00;-0,0012
06-06-2005;12,86;-0,0109
06-07-2005;12,53;-0,0261
06-08-2005;12,54;0,0010
06-09-2005;12,65;0,0089
06-10-2005;12,71;0,0049
06-13-2005;12,65;-0,0053
06-14-2005;12,88;0,0180
06-15-2005;12,99;0,0092
06-16-2005;13,19;0,0148
06-17-2005;13,46;0,0206
06-20-2005;13,66;0,0147
06-21-2005;13,61;-0,0038
06-22-2005;13,75;0,0101
06-23-2005;13,52;-0,0166
06-24-2005;13,31;-0,0157
06-27-2005;13,85;0,0396
06-28-2005;13,69;-0,0118
06-29-2005;13,58;-0,0082
06-30-2005;13,41;-0,0121
07-01-2005;13,52;0,0083
07-04-2005;13,51;-0,0008
07-05-2005;13,66;0,0110
07-06-2005;13,61;-0,0036
07-07-2005;13,33;-0,0214
07-08-2005;13,56;0,0178
07-11-2005;13,50;-0,0048
07-12-2005;13,75;0,0184
07-13-2005;13,73;-0,0016
07-14-2005;13,50;-0,0167
07-15-2005;13,10;-0,0301
07-18-2005;13,01;-0,0067
07-19-2005;13,06;0,0038
07-20-2005;13,13;0,0048
07-21-2005;13,29;0,0128
07-22-2005;13,49;0,0145
07-25-2005;13,20;-0,0215
07-26-2005;13,24;0,0033
07-27-2005;13,58;0,0253
07-28-2005;13,80;0,0159
07-29-2005;13,62;-0,0129
08-01-2005;13,91;0,0205
08-02-2005;14,22;0,0220
08-03-2005;14,30;0,0060
08-04-2005;14,15;-0,0105
08-05-2005;14,28;0,0088
08-08-2005;14,54;0,0187
08-09-2005;14,78;0,0159
08-10-2005;14,85;0,0050
08-11-2005;15,03;0,0117
08-12-2005;15,30;0,0181
08-15-2005;15,37;0,0048
08-16-2005;15,10;-0,0180
08-17-2005;14,76;-0,0226
08-18-2005;14,77;0,0004
08-19-2005;14,98;0,0139
08-22-2005;15,28;0,0198
08-23-2005;15,04;-0,0156
08-24-2005;15,46;0,0278
08-25-2005;15,53;0,0040
08-26-2005;15,23;-0,0194
08-29-2005;15,56;0,0218
08-30-2005;15,87;0,0195
08-31-2005;16,25;0,0237
09-01-2005;16,15;-0,0062
09-02-2005;16,05;-0,0062
09-05-2005;16,25;0,0121
09-06-2005;16,37;0,0074
09-08-2005;16,36;-0,0006
09-09-2005;16,93;0,0343
09-12-2005;17,00;0,0044
09-13-2005;16,83;-0,0103
09-14-2005;17,09;0,0156
09-15-2005;17,16;0,0041
09-16-2005;17,39;0,0130
09-19-2005;17,83;0,0250
09-20-2005;17,84;0,0006
09-21-2005;18,51;0,0369
09-22-2005;18,02;-0,0266
09-23-2005;17,89;-0,0072
09-26-2005;17,60;-0,0163
09-27-2005;17,99;0,0219
09-28-2005;18,21;0,0122
09-29-2005;17,77;-0,0245
09-30-2005;17,83;0,0031
10-03-2005;18,00;0,0098
10-04-2005;17,30;-0,0397
10-05-2005;16,38;-0,0550
10-06-2005;15,75;-0,0389
10-07-2005;15,85;0,0063
10-10-2005;15,75;-0,0063
10-11-2005;16,05;0,0189
10-13-2005;15,70;-0,0220
10-14-2005;15,59;-0,0070
10-17-2005;16,07;0,0303
10-18-2005;15,20;-0,0557
10-19-2005;15,50;0,0195
10-20-2005;14,73;-0,0510
10-21-2005;15,29;0,0373
10-24-2005;16,14;0,0538
10-25-2005;16,06;-0,0047
10-26-2005;16,00;-0,0037
10-27-2005;15,53;-0,0298
10-28-2005;15,58;0,0029
10-31-2005;16,11;0,0335
11-01-2005;16,36;0,0157
11-03-2005;16,80;0,0265
11-04-2005;16,33;-0,0287
11-07-2005;16,18;-0,0092
11-08-2005;16,45;0,0169
11-09-2005;16,42;-0,0018
11-10-2005;15,90;-0,0325
11-11-2005;15,43;-0,0300
11-14-2005;15,55;0,0077
11-16-2005;16,00;0,0288
11-17-2005;16,26;0,0158
11-18-2005;16,35;0,0058
11-21-2005;16,52;0,0103
11-22-2005;17,10;0,0345
11-23-2005;17,28;0,0102
11-24-2005;17,13;-0,0087
11-25-2005;17,14;0,0006
11-28-2005;16,51;-0,0375
11-29-2005;16,83;0,0192
11-30-2005;17,13;0,0177
12-01-2005;17,50;0,0217
12-02-2005;17,79;0,0164
12-05-2005;17,75;-0,0025
12-06-2005;17,95;0,0115
12-07-2005;17,82;-0,0075
12-08-2005;17,97;0,0087
12-09-2005;18,05;0,0044
12-12-2005;18,15;0,0052
12-13-2005;18,27;0,0069
12-14-2005;18,43;0,0084
12-15-2005;18,15;-0,0150
12-16-2005;18,15;0,0000
12-19-2005;18,15;-0,0003
12-20-2005;18,15;0,0003
12-21-2005;18,41;0,0140
12-22-2005;18,45;0,0024
12-23-2005;18,33;-0,0068
12-26-2005;18,27;-0,0030
12-27-2005;18,15;-0,0066
12-28-2005;18,45;0,0164
12-29-2005;18,61;0,0084
01-02-2006;19,05;0,0234
01-03-2006;19,65;0,0310
01-04-2006;19,74;0,0048
01-05-2006;19,70;-0,0020
01-06-2006;20,43;0,0361
01-09-2006;20,42;-0,0002
01-10-2006;20,46;0,0017
01-11-2006;21,15;0,0334
01-12-2006;21,33;0,0082
01-13-2006;21,30;-0,0012
01-16-2006;21,73;0,0198
01-17-2006;21,40;-0,0151
01-18-2006;21,19;-0,0099
01-19-2006;21,85;0,0307
01-20-2006;22,13;0,0125
01-23-2006;22,35;0,0101
01-24-2006;22,78;0,0188
01-26-2006;22,75;-0,0011
01-27-2006;22,50;-0,0113
01-30-2006;23,17;0,0293
01-31-2006;23,50;0,0144
02-01-2006;23,38;-0,0053
02-02-2006;22,35;-0,0448
02-03-2006;22,10;-0,0115
02-06-2006;22,68;0,0259
02-07-2006;21,69;-0,0444
02-08-2006;21,27;-0,0198
02-09-2006;21,10;-0,0078
02-10-2006;20,68;-0,0201
02-13-2006;20,40;-0,0136
02-14-2006;20,45;0,0024
02-15-2006;20,58;0,0061
02-16-2006;21,56;0,0468
02-17-2006;22,00;0,0202
02-20-2006;22,36;0,0160
02-21-2006;22,03;-0,0146
02-22-2006;21,78;-0,0116
02-23-2006;22,00;0,0101
02-24-2006;22,38;0,0171
03-01-2006;22,57;0,0085
03-02-2006;22,60;0,0015
03-03-2006;22,75;0,0066
03-06-2006;22,13;-0,0279
03-07-2006;21,18;-0,0439
03-08-2006;21,04;-0,0064
03-09-2006;20,45;-0,0284
03-10-2006;20,61;0,0076
03-13-2006;20,84;0,0113
03-14-2006;21,76;0,0432
03-15-2006;22,04;0,0126
03-16-2006;21,85;-0,0084
03-17-2006;21,40;-0,0208
03-20-2006;21,73;0,0151
03-21-2006;21,39;-0,0158
03-22-2006;21,04;-0,0165
03-23-2006;21,20;0,0078
03-24-2006;21,23;0,0012
03-27-2006;21,30;0,0035
03-28-2006;20,86;-0,0209
03-29-2006;21,46;0,0281
03-30-2006;21,58;0,0056
03-31-2006;21,57;-0,0002
04-03-2006;22,13;0,0254
04-04-2006;21,65;-0,0219
04-05-2006;22,05;0,0185
04-06-2006;22,20;0,0068
04-07-2006;21,92;-0,0129
04-10-2006;21,95;0,0016
04-11-2006;21,73;-0,0103
04-12-2006;21,70;-0,0012
04-13-2006;21,68;-0,0012
04-17-2006;22,02;0,0156
04-18-2006;23,06;0,0462
04-19-2006;23,35;0,0125
04-20-2006;23,16;-0,0082
04-24-2006;23,00;-0,0067
04-25-2006;23,00;-0,0002
04-26-2006;23,18;0,0078
04-27-2006;22,70;-0,0207
04-28-2006;23,12;0,0181
05-02-2006;23,53;0,0176
05-03-2006;23,48;-0,0021
05-04-2006;23,25;-0,0096
05-05-2006;23,74;0,0209
05-08-2006;23,78;0,0017
05-09-2006;24,08;0,0123
05-10-2006;23,98;-0,0040
05-11-2006;23,68;-0,0126
05-12-2006;23,45;-0,0098
05-15-2006;22,85;-0,0259
05-16-2006;23,00;0,0065
05-17-2006;22,33;-0,0298
05-18-2006;21,75;-0,0263
05-19-2006;21,64;-0,0048
05-22-2006;21,50;-0,0067
05-23-2006;21,25;-0,0115
05-24-2006;21,45;0,0094
05-25-2006;21,72;0,0123
05-26-2006;22,50;0,0355
05-29-2006;22,38;-0,0056
05-30-2006;21,80;-0,0260
05-31-2006;22,00;0,0091
06-01-2006;22,10;0,0043
06-02-2006;22,34;0,0110
06-05-2006;21,51;-0,0381
06-06-2006;21,28;-0,0108
06-07-2006;20,28;-0,0481
06-08-2006;20,15;-0,0064
06-09-2006;19,69;-0,0228
06-12-2006;19,00;-0,0357
06-13-2006;18,25;-0,0403
06-14-2006;19,05;0,0429
06-16-2006;20,15;0,0561
06-19-2006;19,66;-0,0246
06-20-2006;19,65;-0,0005
06-21-2006;20,21;0,0281
06-22-2006;20,18;-0,0015
06-23-2006;20,53;0,0170
06-26-2006;20,52;-0,0002
06-27-2006;20,31;-0,0105
06-28-2006;20,70;0,0193
06-29-2006;21,50;0,0379
06-30-2006;21,59;0,0042
07-03-2006;21,80;0,0097
07-04-2006;21,71;-0,0044
07-05-2006;21,40;-0,0142
07-06-2006;21,58;0,0081
07-07-2006;21,40;-0,0081
07-10-2006;21,31;-0,0042
07-11-2006;21,90;0,0271
07-12-2006;21,91;0,0005
07-13-2006;21,80;-0,0048
07-14-2006;22,12;0,0146
07-17-2006;21,15;-0,0448
07-18-2006;21,18;0,0012
07-19-2006;21,83;0,0302
07-20-2006;21,18;-0,0302
07-21-2006;21,00;-0,0083
07-24-2006;21,79;0,0367
07-25-2006;22,00;0,0098
07-26-2006;22,11;0,0048
07-27-2006;22,37;0,0119
07-28-2006;22,55;0,0080
07-31-2006;22,45;-0,0044
08-01-2006;22,51;0,0024
08-02-2006;22,85;0,0152
08-03-2006;22,96;0,0048
08-04-2006;22,85;-0,0050
08-07-2006;23,13;0,0122
08-08-2006;23,10;-0,0011
08-09-2006;22,93;-0,0076
08-10-2006;22,87;-0,0026
08-11-2006;22,70;-0,0072
08-14-2006;22,16;-0,0243
08-15-2006;22,60;0,0199
08-16-2006;22,65;0,0020
08-17-2006;22,18;-0,0210
08-18-2006;22,45;0,0121
08-21-2006;22,18;-0,0121
08-22-2006;22,13;-0,0023
08-23-2006;21,43;-0,0321
08-24-2006;21,65;0,0104
08-25-2006;21,95;0,0138
08-28-2006;21,83;-0,0057
08-29-2006;21,58;-0,0115
08-30-2006;21,55;-0,0012
08-31-2006;21,50;-0,0023
09-01-2006;21,94;0,0203
09-04-2006;22,09;0,0066
09-05-2006;21,81;-0,0128
09-06-2006;21,18;-0,0291
09-08-2006;20,60;-0,0278
09-11-2006;19,78;-0,0406
09-12-2006;19,80;0,0010
09-13-2006;20,36;0,0276
09-14-2006;19,77;-0,0294
09-15-2006;19,63;-0,0071
09-18-2006;20,33;0,0350
09-19-2006;19,91;-0,0209
09-20-2006;19,34;-0,0291
09-21-2006;19,33;-0,0003
09-22-2006;19,07;-0,0135
09-25-2006;19,15;0,0042
09-26-2006;19,55;0,0207
09-27-2006;20,05;0,0253
09-28-2006;20,30;0,0124
09-29-2006;20,30;-0,0002
10-02-2006;20,26;-0,0020
10-03-2006;19,40;-0,0431
10-04-2006;20,06;0,0332
10-05-2006;20,05;-0,0002
10-06-2006;20,10;0,0025
10-09-2006;20,43;0,0160
10-10-2006;20,55;0,0061
10-11-2006;20,34;-0,0103
10-13-2006;20,83;0,0236
10-16-2006;21,05;0,0107
10-17-2006;20,67;-0,0182
10-18-2006;20,50;-0,0085
10-19-2006;20,90;0,0193
10-20-2006;20,55;-0,0166
10-23-2006;20,46;-0,0044
10-24-2006;20,95;0,0237
10-25-2006;21,65;0,0329
10-26-2006;21,65;0,0000
10-27-2006;21,53;-0,0056
10-30-2006;21,25;-0,0131
10-31-2006;21,50;0,0117
11-01-2006;21,23;-0,0129
11-03-2006;21,60;0,0175
11-06-2006;22,05;0,0206
11-07-2006;21,89;-0,0073
11-08-2006;22,33;0,0199
11-09-2006;22,35;0,0009
11-10-2006;22,68;0,0144
11-13-2006;22,05;-0,0280
11-14-2006;22,28;0,0102
11-16-2006;21,90;-0,0170
11-17-2006;21,75;-0,0069
11-21-2006;22,22;0,0212
11-22-2006;22,23;0,0005
11-23-2006;22,10;-0,0056
11-24-2006;22,15;0,0023
11-27-2006;21,97;-0,0084
11-28-2006;22,08;0,0052
11-29-2006;22,80;0,0321
11-30-2006;22,92;0,0050
12-01-2006;22,65;-0,0116
12-04-2006;23,07;0,0184
12-05-2006;23,33;0,0110
12-06-2006;23,30;-0,0011
12-07-2006;23,38;0,0034
12-08-2006;23,59;0,0087
12-11-2006;23,55;-0,0015
12-12-2006;23,44;-0,0047
12-13-2006;23,40;-0,0017
12-14-2006;23,61;0,0089
12-15-2006;23,63;0,0006
12-18-2006;23,70;0,0032
12-19-2006;23,88;0,0074
12-20-2006;24,23;0,0146
12-21-2006;24,15;-0,0031
12-22-2006;24,09;-0,0027
12-26-2006;24,29;0,0085
12-27-2006;24,75;0,0188
12-28-2006;24,90;0,0060
01-02-2007;25,23;0,0130
01-03-2007;24,35;-0,0353
01-04-2007;23,83;-0,0218
01-05-2007;23,10;-0,0311
01-08-2007;23,30;0,0086
01-09-2007;22,76;-0,0232
01-10-2007;22,63;-0,0059
01-11-2007;22,61;-0,0009
01-12-2007;22,58;-0,0013
01-15-2007;22,45;-0,0058
01-16-2007;22,10;-0,0155
01-17-2007;22,03;-0,0032
01-18-2007;21,68;-0,0162
01-19-2007;22,59;0,0413
01-22-2007;22,63;0,0015
01-23-2007;23,35;0,0315
01-24-2007;23,55;0,0085
01-26-2007;23,25;-0,0128
01-29-2007;22,64;-0,0268
01-30-2007;23,16;0,0227
01-31-2007;23,44;0,0120
02-01-2007;23,37;-0,0028
02-02-2007;23,65;0,0119
02-05-2007;23,50;-0,0064
02-06-2007;23,13;-0,0159
02-07-2007;22,46;-0,0296
02-08-2007;22,80;0,0152
02-09-2007;22,40;-0,0177
02-12-2007;22,13;-0,0124
02-13-2007;22,53;0,0181
02-14-2007;22,38;-0,0069
02-15-2007;22,12;-0,0115
02-16-2007;22,17;0,0020
02-21-2007;22,15;-0,0007
02-22-2007;22,53;0,0168
02-23-2007;22,72;0,0084
02-26-2007;22,81;0,0040
02-27-2007;21,30;-0,0683
02-28-2007;21,44;0,0066
03-01-2007;21,18;-0,0124
03-02-2007;20,53;-0,0309
03-05-2007;20,09;-0,0219
03-06-2007;20,85;0,0374
03-07-2007;20,63;-0,0109
03-08-2007;21,18;0,0263
03-09-2007;21,26;0,0038
03-12-2007;20,95;-0,0145
03-13-2007;20,62;-0,0161
03-14-2007;20,68;0,0029
03-15-2007;20,48;-0,0097
03-16-2007;20,11;-0,0180
03-19-2007;20,55;0,0216
03-20-2007;21,04;0,0233
03-21-2007;21,65;0,0288
03-22-2007;21,95;0,0138
03-23-2007;22,04;0,0041
03-26-2007;22,30;0,0117
03-27-2007;22,08;-0,0099
03-28-2007;22,00;-0,0036
03-29-2007;23,05;0,0466
03-30-2007;23,07;0,0009
04-02-2007;23,01;-0,0026
04-03-2007;22,71;-0,0131
04-04-2007;23,00;0,0127
04-05-2007;23,10;0,0043
04-09-2007;23,03;-0,0030
04-10-2007;23,38;0,0149
04-11-2007;23,05;-0,0142
04-12-2007;23,35;0,0131
04-13-2007;23,86;0,0214
04-16-2007;24,33;0,0195
04-17-2007;23,88;-0,0187
04-18-2007;23,64;-0,0099
04-19-2007;23,28;-0,0156
04-20-2007;23,50;0,0096
04-23-2007;23,32;-0,0079
04-24-2007;23,26;-0,0024
04-25-2007;23,75;0,0208
04-26-2007;23,22;-0,0226
04-27-2007;23,05;-0,0073
04-30-2007;22,60;-0,0197
05-02-2007;22,81;0,0090
05-03-2007;23,10;0,0129
05-04-2007;23,01;-0,0039
05-07-2007;22,51;-0,0220
05-08-2007;22,55;0,0018
05-09-2007;22,60;0,0020
05-10-2007;22,18;-0,0185
05-11-2007;22,62;0,0194
05-14-2007;22,68;0,0026
05-15-2007;22,56;-0,0051
05-16-2007;23,00;0,0193
05-17-2007;23,03;0,0011
05-18-2007;23,25;0,0097
05-21-2007;23,48;0,0096
05-22-2007;23,45;-0,0011
05-23-2007;23,60;0,0064
05-24-2007;23,06;-0,0234
05-25-2007;23,35;0,0127
05-28-2007;23,43;0,0032
05-29-2007;23,03;-0,0172
05-30-2007;23,35;0,0140
05-31-2007;22,97;-0,0164
06-01-2007;23,55;0,0249
06-04-2007;23,84;0,0122
06-05-2007;24,00;0,0065
06-06-2007;23,46;-0,0228
06-08-2007;23,70;0,0104
06-11-2007;24,00;0,0126
06-12-2007;24,06;0,0025
06-13-2007;24,59;0,0218
06-14-2007;25,00;0,0165
06-15-2007;25,38;0,0149
06-18-2007;25,48;0,0041
06-19-2007;25,82;0,0133
06-20-2007;25,40;-0,0166
06-21-2007;25,65;0,0100
06-22-2007;25,66;0,0002
06-25-2007;25,60;-0,0021
06-26-2007;25,36;-0,0096
06-27-2007;25,61;0,0098
06-28-2007;25,60;-0,0002
06-29-2007;25,82;0,0086
07-02-2007;26,40;0,0222
07-03-2007;26,85;0,0169
07-04-2007;26,98;0,0046
07-05-2007;27,12;0,0054
07-06-2007;27,37;0,0092
07-10-2007;26,93;-0,0164
07-11-2007;27,14;0,0078
07-12-2007;27,75;0,0224
07-13-2007;27,92;0,0061
07-16-2007;27,66;-0,0095
07-17-2007;28,15;0,0177
07-18-2007;28,08;-0,0025
07-19-2007;28,49;0,0143
07-20-2007;28,29;-0,0069
07-23-2007;28,75;0,0161
07-24-2007;27,14;-0,0578
07-25-2007;27,53;0,0143
07-26-2007;26,25;-0,0474
07-27-2007;25,53;-0,0278
07-30-2007;26,70;0,0446
07-31-2007;26,36;-0,0128
08-01-2007;26,19;-0,0063
08-02-2007;26,38;0,0070
08-03-2007;25,25;-0,0436
08-06-2007;25,27;0,0008
08-07-2007;25,38;0,0041
08-08-2007;26,33;0,0368
08-09-2007;25,30;-0,0397
08-10-2007;24,75;-0,0220
08-13-2007;24,96;0,0082
08-14-2007;24,72;-0,0095
08-15-2007;24,22;-0,0204
08-16-2007;23,50;-0,0302
08-17-2007;23,20;-0,0128
08-20-2007;23,14;-0,0028
08-21-2007;23,09;-0,0022
08-22-2007;24,37;0,0542
08-23-2007;24,45;0,0033
08-24-2007;24,88;0,0172
08-27-2007;24,78;-0,0038
08-28-2007;24,28;-0,0206
08-29-2007;24,80;0,0214
08-30-2007;25,15;0,0138
08-31-2007;26,10;0,0373
09-03-2007;26,22;0,0046
09-04-2007;26,86;0,0241
09-05-2007;26,75;-0,0043
09-06-2007;27,04;0,0110
09-10-2007;26,40;-0,0240
09-11-2007;27,15;0,0280
09-12-2007;27,36;0,0075
09-13-2007;27,68;0,0116
09-14-2007;27,15;-0,0192
09-17-2007;27,25;0,0035
09-18-2007;28,43;0,0424
09-19-2007;28,36;-0,0025
09-20-2007;28,40;0,0016
09-21-2007;29,25;0,0295
09-24-2007;30,00;0,0253
09-25-2007;29,56;-0,0149
09-26-2007;29,93;0,0124
09-27-2007;30,18;0,0083
09-28-2007;29,60;-0,0192
10-01-2007;30,18;0,0192
10-02-2007;30,36;0,0059
10-03-2007;29,35;-0,0337
10-04-2007;29,60;0,0085
10-05-2007;30,83;0,0406
10-08-2007;30,92;0,0031
10-09-2007;31,57;0,0208
10-10-2007;32,58;0,0313
10-11-2007;32,37;-0,0063
10-15-2007;33,55;0,0358
10-16-2007;33,26;-0,0088
10-17-2007;33,77;0,0154
10-18-2007;33,50;-0,0080
10-19-2007;31,50;-0,0616
10-22-2007;31,31;-0,0062
10-23-2007;32,25;0,0296
10-24-2007;33,60;0,0412
10-25-2007;34,05;0,0133
10-26-2007;35,55;0,0431
10-29-2007;36,42;0,0240
10-30-2007;35,01;-0,0393
10-31-2007;36,01;0,0282
11-01-2007;35,73;-0,0079
11-05-2007;34,05;-0,0480
11-06-2007;35,00;0,0275
11-07-2007;35,13;0,0036
11-08-2007;40,10;0,1325
11-09-2007;40,83;0,0179
11-12-2007;38,17;-0,0672
11-13-2007;38,85;0,0177
11-14-2007;39,57;0,0182
11-16-2007;39,40;-0,0042
11-19-2007;38,65;-0,0192
11-21-2007;37,93;-0,0189
11-22-2007;38,08;0,0039
11-23-2007;38,25;0,0046
11-26-2007;37,44;-0,0214
11-27-2007;37,00;-0,0118
11-28-2007;36,95;-0,0015
11-29-2007;36,70;-0,0067
11-30-2007;35,95;-0,0206
12-03-2007;36,60;0,0179
12-04-2007;37,25;0,0176
12-05-2007;39,25;0,0523
12-06-2007;40,33;0,0270
12-07-2007;40,03;-0,0075
12-10-2007;39,85;-0,0044
12-11-2007;40,45;0,0149
12-12-2007;42,50;0,0493
12-13-2007;41,15;-0,0322
12-14-2007;40,60;-0,0135
12-17-2007;38,48;-0,0538
12-18-2007;39,40;0,0238
12-19-2007;40,67;0,0316
12-20-2007;41,20;0,0131
12-21-2007;42,52;0,0314
12-26-2007;43,65;0,0263
12-27-2007;43,17;-0,0111
12-28-2007;44,20;0,0236
01-02-2008;43,50;-0,0160
01-03-2008;42,80;-0,0162
01-04-2008;40,70;-0,0503
01-07-2008;39,51;-0,0298
01-08-2008;41,68;0,0535
01-09-2008;42,46;0,0187
01-10-2008;42,05;-0,0097
01-11-2008;40,78;-0,0307
01-14-2008;40,55;-0,0058
01-15-2008;38,76;-0,0450
01-16-2008;37,30;-0,0384
01-17-2008;35,43;-0,0516
01-18-2008;35,90;0,0133
01-21-2008;33,24;-0,0771
01-22-2008;36,48;0,0932
01-23-2008;35,86;-0,0173
01-24-2008;38,37;0,0678
01-28-2008;40,44;0,0524
01-29-2008;40,40;-0,0009
01-30-2008;41,32;0,0224
01-31-2008;40,20;-0,0274
02-01-2008;40,85;0,0160
02-06-2008;39,40;-0,0361
02-07-2008;40,63;0,0306
02-08-2008;40,90;0,0067
02-11-2008;41,59;0,0166
02-12-2008;41,67;0,0020
02-13-2008;42,28;0,0145
02-14-2008;41,77;-0,0123
02-15-2008;41,40;-0,0088
02-18-2008;42,48;0,0256
02-19-2008;42,65;0,0041
02-20-2008;42,75;0,0023
02-21-2008;42,01;-0,0176
02-22-2008;42,15;0,0034
02-25-2008;42,13;-0,0006
02-26-2008;42,20;0,0018
02-27-2008;42,85;0,0153
02-28-2008;43,08;0,0052
02-29-2008;40,73;-0,0561
03-03-2008;40,45;-0,0068
03-04-2008;39,33;-0,0282
03-05-2008;40,30;0,0245
03-06-2008;39,51;-0,0199
03-07-2008;39,08;-0,0108
03-10-2008;38,35;-0,0189
03-11-2008;39,86;0,0385
03-12-2008;39,66;-0,0049
03-13-2008;39,14;-0,0132
03-14-2008;38,37;-0,0199
03-17-2008;36,92;-0,0387
03-18-2008;37,48;0,0151
03-19-2008;34,70;-0,0769
03-20-2008;34,70;0,0000
03-24-2008;35,00;0,0086
03-25-2008;36,85;0,0515
03-26-2008;37,45;0,0162
03-27-2008;36,56;-0,0242
03-28-2008;36,31;-0,0069
03-31-2008;37,00;0,0188
04-01-2008;37,88;0,0236
04-02-2008;38,89;0,0262
04-03-2008;39,35;0,0119
04-04-2008;39,50;0,0038
04-07-2008;39,25;-0,0063
04-08-2008;40,00;0,0188
04-09-2008;40,02;0,0006
04-10-2008;40,17;0,0036
04-11-2008;39,28;-0,0224
04-14-2008;41,49;0,0547
04-15-2008;41,97;0,0116
04-16-2008;41,70;-0,0065
04-17-2008;42,55;0,0202
04-18-2008;42,65;0,0023
04-22-2008;43,10;0,0105
04-23-2008;42,51;-0,0138
04-24-2008;41,60;-0,0216
04-25-2008;42,15;0,0131
04-28-2008;42,59;0,0104
04-29-2008;40,90;-0,0405
04-30-2008;42,20;0,0313
05-02-2008;43,00;0,0188
05-05-2008;43,85;0,0196
05-06-2008;45,00;0,0259
05-07-2008;44,85;-0,0033
05-08-2008;45,00;0,0033
05-09-2008;45,67;0,0148
05-12-2008;45,75;0,0018
05-13-2008;46,95;0,0259
05-14-2008;46,30;-0,0139
05-15-2008;47,11;0,0173
05-16-2008;48,15;0,0218
05-19-2008;50,00;0,0377
05-20-2008;51,66;0,0327
05-21-2008;52,51;0,0163
05-23-2008;50,56;-0,0378
05-26-2008;51,57;0,0198
05-27-2008;49,90;-0,0329
05-28-2008;50,99;0,0216
05-29-2008;49,34;-0,0329
05-30-2008;49,00;-0,0069
06-02-2008;49,79;0,0160
06-03-2008;47,45;-0,0481
06-04-2008;45,28;-0,0468
06-05-2008;47,56;0,0491
06-06-2008;47,59;0,0006
06-09-2008;47,48;-0,0023
06-10-2008;46,00;-0,0317
06-11-2008;45,40;-0,0131
06-12-2008;45,18;-0,0049
06-13-2008;45,90;0,0158
06-16-2008;45,80;-0,0022
06-17-2008;46,25;0,0098
06-18-2008;45,40;-0,0185
06-19-2008;43,90;-0,0336
06-20-2008;43,13;-0,0177
06-23-2008;43,89;0,0175
06-24-2008;43,77;-0,0027
06-25-2008;44,95;0,0266
06-26-2008;44,90;-0,0011
06-27-2008;45,30;0,0089
06-30-2008;46,21;0,0199
07-01-2008;46,09;-0,0026
07-02-2008;43,98;-0,0469
07-03-2008;42,55;-0,0331
07-04-2008;43,20;0,0152
07-07-2008;41,93;-0,0298
07-08-2008;40,61;-0,0320
07-10-2008;40,05;-0,0139
07-11-2008;40,60;0,0136
07-14-2008;40,88;0,0069
07-15-2008;40,55;-0,0081
07-16-2008;39,77;-0,0194
07-17-2008;37,80;-0,0508
07-18-2008;38,20;0,0105
07-21-2008;38,76;0,0146
07-22-2008;37,43;-0,0349
07-23-2008;36,10;-0,0362
07-24-2008;34,50;-0,0453
07-25-2008;34,50;0,0000
07-28-2008;34,85;0,0101
07-29-2008;34,80;-0,0014
07-30-2008;36,50;0,0477
07-31-2008;35,90;-0,0166
08-01-2008;34,51;-0,0395
08-04-2008;32,89;-0,0481
08-05-2008;32,20;-0,0212
08-06-2008;33,30;0,0336
08-07-2008;33,86;0,0167
08-08-2008;33,55;-0,0092
08-11-2008;32,70;-0,0257
08-12-2008;33,07;0,0113
08-13-2008;33,75;0,0204
08-14-2008;33,44;-0,0092
08-15-2008;32,67;-0,0233
08-18-2008;31,68;-0,0308
08-19-2008;32,63;0,0295
08-20-2008;34,21;0,0473
08-21-2008;35,39;0,0339
08-22-2008;35,29;-0,0028
08-25-2008;33,81;-0,0428
08-26-2008;34,19;0,0112
08-27-2008;35,20;0,0291
08-28-2008;35,35;0,0043
08-29-2008;34,90;-0,0128
09-01-2008;34,21;-0,0200
09-02-2008;33,11;-0,0327
09-03-2008;32,60;-0,0155
09-04-2008;31,45;-0,0359
09-05-2008;31,86;0,0130
09-08-2008;30,26;-0,0515
09-09-2008;28,35;-0,0652
09-10-2008;28,68;0,0116
09-11-2008;31,40;0,0906
09-12-2008;33,00;0,0497
09-15-2008;29,80;-0,1020
09-16-2008;31,30;0,0491
09-17-2008;29,80;-0,0491
09-18-2008;32,20;0,0775
09-19-2008;34,98;0,0828
09-22-2008;34,90;-0,0023
09-23-2008;33,25;-0,0484
09-24-2008;34,49;0,0366
09-25-2008;36,05;0,0442
09-26-2008;35,43;-0,0173
09-29-2008;32,75;-0,0787
09-30-2008;35,10;0,0693
10-01-2008;34,90;-0,0057
10-02-2008;32,05;-0,0852
10-03-2008;31,00;-0,0333
10-06-2008;30,00;-0,0328
10-07-2008;28,30;-0,0583
10-08-2008;26,70;-0,0582
10-09-2008;25,88;-0,0312
10-10-2008;24,00;-0,0754
10-13-2008;26,90;0,1141
10-14-2008;27,30;0,0148
10-15-2008;24,00;-0,1288
10-16-2008;22,20;-0,0780
10-17-2008;22,99;0,0350
10-20-2008;25,39;0,0993
10-21-2008;25,00;-0,0155
10-21-2008;23,20;-0,0747
10-22-2008;22,70;-0,0218
10-23-2008;20,40;-0,1068
10-26-2008;18,11;-0,1191
10-27-2008;20,05;0,1018
10-28-2008;21,40;0,0652
10-29-2008;22,85;0,0656
10-30-2008;23,31;0,0199
11-02-2008;23,14;-0,0073
11-03-2008;25,10;0,0813
11-04-2008;24,25;-0,0345
11-05-2008;22,90;-0,0573
11-06-2008;23,26;0,0156
11-09-2008;23,95;0,0292
